Time,Date,weekday,week,traffic_congestion_hamburg,traffic_diffRatio_to2019_hamburg,traffic_congestion_berlin,traffic_diffRatio_to2019_berlin,traffic_congestion_wiesbaden,traffic_diffRatio_to2019_wiesbaden,traffic_congestion_munich,traffic_diffRatio_to2019_munich,traffic_congestion_nuremberg,traffic_diffRatio_to2019_nuremberg,traffic_congestion_stuttgart,traffic_diffRatio_to2019_stuttgart,traffic_congestion_bonn,traffic_diffRatio_to2019_bonn,traffic_congestion_kassel,traffic_diffRatio_to2019_kassel,traffic_congestion_bremen,traffic_diffRatio_to2019_bremen,traffic_congestion_cologne,traffic_diffRatio_to2019_cologne,traffic_congestion_kiel,traffic_diffRatio_to2019_kiel,traffic_congestion_dresden,traffic_diffRatio_to2019_dresden,traffic_congestion_dusseldorf,traffic_diffRatio_to2019_dusseldorf,traffic_congestion_leipzig,traffic_diffRatio_to2019_leipzig,traffic_congestion_freiburg,traffic_diffRatio_to2019_freiburg,traffic_congestion_karlsruhe,traffic_diffRatio_to2019_karlsruhe,traffic_congestion_augsburg,traffic_diffRatio_to2019_augsburg,traffic_congestion_monchengladbach,traffic_diffRatio_to2019_monchengladbach,traffic_congestion_mannheim,traffic_diffRatio_to2019_mannheim,traffic_congestion_munster,traffic_diffRatio_to2019_munster,traffic_congestion_hannover,traffic_diffRatio_to2019_hannover,traffic_congestion_bielefeld,traffic_diffRatio_to2019_bielefeld,traffic_congestion_wuppertal,traffic_diffRatio_to2019_wuppertal,traffic_congestion_ruhr-region-west,traffic_diffRatio_to2019_ruhr-region-west,traffic_congestion_ruhr-region-east,traffic_diffRatio_to2019_ruhr-region-east
2019-12-30,2019-12,Mon,1 2020,23,-0.43902439024390244,26,-0.3333333333333333,26,-0.3953488372093023,16,-0.5675675675675675,27,-0.34146341463414637,24,-0.29411764705882354,20,-0.48717948717948717,18,-0.3076923076923077,24,-0.3142857142857143,21,-0.38235294117647056,25,-0.34210526315789475,25,-0.32432432432432434,18,-0.45454545454545453,22,-0.2903225806451613,28,-0.125,15,-0.4444444444444444,22,-0.26666666666666666,19,-0.36666666666666664,28,-0.06666666666666667,21,-0.27586206896551724,20,-0.375,24,-0.14285714285714285,17,-0.32,16,-0.5,17,-0.41379310344827586
2019-12-31,2019-12,Tue,1 2020,17,-0.6046511627906976,18,-0.5384615384615384,17,-0.6222222222222222,11,-0.7317073170731707,16,-0.6097560975609756,16,-0.5897435897435898,15,-0.6511627906976745,11,-0.6333333333333333,14,-0.6216216216216216,13,-0.6486486486486487,21,-0.46153846153846156,19,-0.4864864864864865,12,-0.6571428571428571,18,-0.41935483870967744,14,-0.6,9,-0.71875,14,-0.5483870967741935,14,-0.5333333333333333,15,-0.5,15,-0.4827586206896552,15,-0.5454545454545454,17,-0.41379310344827586,13,-0.5,11,-0.6666666666666666,12,-0.6
2020-01-01,2020-01,Wed,1 2020,11,-0.7380952380952381,10,-0.7435897435897436,10,-0.7777777777777778,4,-0.9024390243902439,7,-0.8333333333333334,9,-0.7804878048780488,8,-0.8095238095238095,9,-0.6785714285714286,11,-0.7027027027027027,8,-0.7948717948717948,14,-0.631578947368421,10,-0.7142857142857143,9,-0.75,9,-0.7,10,-0.7297297297297297,4,-0.8888888888888888,6,-0.8,8,-0.7333333333333333,7,-0.7666666666666667,10,-0.6666666666666666,9,-0.7272727272727273,9,-0.6666666666666666,10,-0.6153846153846154,9,-0.7272727272727273,10,-0.6551724137931034
2020-01-02,2020-01,Thu,1 2020,30,-0.3023255813953488,24,-0.4,24,-0.4666666666666667,17,-0.575,22,-0.47619047619047616,24,-0.4,19,-0.5476190476190477,28,0.037037037037037035,28,-0.28205128205128205,19,-0.5,24,-0.35135135135135137,24,-0.3142857142857143,17,-0.5142857142857142,21,-0.3,25,-0.2857142857142857,14,-0.6111111111111112,19,-0.3448275862068966,18,-0.4,21,-0.3225806451612903,21,-0.27586206896551724,20,-0.3939393939393939,22,-0.21428571428571427,18,-0.3076923076923077,16,-0.5151515151515151,16,-0.4666666666666667
2020-01-03,2020-01,Fri,1 2020,26,-0.36585365853658536,24,-0.35135135135135137,23,-0.425,16,-0.5294117647058824,22,-0.42105263157894735,20,-0.4117647058823529,19,-0.45714285714285713,20,-0.25925925925925924,27,-0.37209302325581395,21,-0.4,25,-0.32432432432432434,25,-0.2857142857142857,18,-0.4,22,-0.26666666666666666,22,-0.37142857142857144,15,-0.53125,19,-0.36666666666666664,19,-0.32142857142857145,21,-0.27586206896551724,22,-0.21428571428571427,20,-0.3548387096774194,23,-0.23333333333333334,19,-0.20833333333333334,19,-0.3870967741935484,19,-0.3448275862068966
2020-01-04,2020-01,Sat,1 2020,20,-0.23076923076923078,19,-0.13636363636363635,18,-0.3076923076923077,15,-0.25,19,-0.20833333333333334,16,-0.30434782608695654,14,-0.3,17,0.13333333333333333,19,-0.09523809523809523,15,-0.25,19,-0.20833333333333334,20,-0.09090909090909091,14,-0.2222222222222222,16,-0.2,20,-0.16666666666666666,9,-0.5,14,-0.2631578947368421,13,-0.3157894736842105,20,-0.047619047619047616,17,-0.05555555555555555,16,-0.1111111111111111,18,0.0,14,0.0,14,-0.125,13,-0.23529411764705882
2020-01-05,2020-01,Sun,1 2020,14,-0.36363636363636365,14,-0.125,10,-0.4444444444444444,6,-0.6,8,-0.38461538461538464,12,-0.14285714285714285,9,-0.35714285714285715,12,0.09090909090909091,7,-0.5333333333333333,10,-0.2857142857142857,14,-0.2222222222222222,12,-0.25,8,-0.38461538461538464,10,-0.16666666666666666,11,-0.21428571428571427,3,-0.7692307692307693,7,-0.3,7,-0.46153846153846156,8,-0.3333333333333333,9,-0.1,9,-0.1,10,0.0,9,-0.1,7,-0.3,6,-0.4
2020-01-06,2020-01,Mon,2 2020,34,-0.17073170731707318,35,-0.10256410256410256,26,-0.3953488372093023,6,-0.8378378378378378,8,-0.8048780487804879,12,-0.6470588235294118,29,-0.2564102564102564,21,-0.19230769230769232,26,-0.2571428571428571,37,0.08823529411764706,29,-0.23684210526315788,35,-0.05405405405405406,28,-0.15151515151515152,34,0.0967741935483871,9,-0.71875,4,-0.8518518518518519,8,-0.7333333333333333,27,-0.1,13,-0.5666666666666667,29,0.0,25,-0.21875,25,-0.10714285714285714,26,0.04,23,-0.28125,23,-0.20689655172413793
2020-01-07,2020-01,Tue,2 2020,33,-0.23255813953488372,36,-0.07692307692307693,29,-0.35555555555555557,29,-0.2926829268292683,35,-0.14634146341463414,32,-0.1794871794871795,34,-0.20930232558139536,23,-0.23333333333333334,33,-0.10810810810810811,30,-0.1891891891891892,32,-0.1794871794871795,34,-0.08108108108108109,32,-0.08571428571428572,32,0.03225806451612903,27,-0.22857142857142856,25,-0.21875,28,-0.0967741935483871,31,0.03333333333333333,30,0.0,30,0.034482758620689655,28,-0.15151515151515152,30,0.034482758620689655,25,-0.038461538461538464,29,-0.12121212121212122,26,-0.13333333333333333
2020-01-08,2020-01,Wed,2 2020,36,-0.14285714285714285,36,-0.07692307692307693,28,-0.37777777777777777,27,-0.34146341463414637,36,-0.14285714285714285,30,-0.2682926829268293,38,-0.09523809523809523,24,-0.14285714285714285,33,-0.10810810810810811,34,-0.1282051282051282,32,-0.15789473684210525,34,-0.02857142857142857,39,0.08333333333333333,32,0.06666666666666667,26,-0.2972972972972973,22,-0.3888888888888889,26,-0.13333333333333333,29,-0.03333333333333333,30,0.0,35,0.16666666666666666,34,0.030303030303030304,32,0.18518518518518517,36,0.38461538461538464,38,0.15151515151515152,29,0.0
2020-01-09,2020-01,Thu,2 2020,38,-0.11627906976744186,45,0.125,35,-0.2222222222222222,31,-0.225,34,-0.19047619047619047,33,-0.175,44,0.047619047619047616,25,-0.07407407407407407,37,-0.05128205128205128,42,0.10526315789473684,37,0.0,37,0.05714285714285714,37,0.05714285714285714,34,0.13333333333333333,27,-0.22857142857142856,24,-0.3333333333333333,26,-0.10344827586206896,30,0.0,28,-0.0967741935483871,32,0.10344827586206896,31,-0.06060606060606061,30,0.07142857142857142,35,0.34615384615384615,37,0.12121212121212122,30,0.0
2020-01-10,2020-01,Fri,2 2020,34,-0.17073170731707318,35,-0.05405405405405406,28,-0.3,24,-0.29411764705882354,29,-0.23684210526315788,32,-0.058823529411764705,31,-0.11428571428571428,19,-0.2962962962962963,31,-0.27906976744186046,30,-0.14285714285714285,33,-0.10810810810810811,31,-0.11428571428571428,29,-0.03333333333333333,31,0.03333333333333333,31,-0.11428571428571428,20,-0.375,27,-0.1,27,-0.03571428571428571,27,-0.06896551724137931,29,0.03571428571428571,30,-0.03225806451612903,28,-0.06666666666666667,27,0.125,29,-0.06451612903225806,27,-0.06896551724137931
2020-01-11,2020-01,Sat,2 2020,19,-0.2692307692307692,21,-0.045454545454545456,20,-0.23076923076923078,14,-0.3,23,-0.041666666666666664,20,-0.13043478260869565,15,-0.25,12,-0.2,17,-0.19047619047619047,18,-0.1,20,-0.16666666666666666,19,-0.13636363636363635,15,-0.16666666666666666,17,-0.15,17,-0.2916666666666667,11,-0.3888888888888889,16,-0.15789473684210525,14,-0.2631578947368421,19,-0.09523809523809523,23,0.2777777777777778,18,0.0,17,-0.05555555555555555,14,0.0,12,-0.25,14,-0.17647058823529413
2020-01-12,2020-01,Sun,2 2020,13,-0.4090909090909091,15,-0.0625,12,-0.3333333333333333,8,-0.4666666666666667,8,-0.38461538461538464,13,-0.07142857142857142,10,-0.2857142857142857,5,-0.5454545454545454,9,-0.4,11,-0.21428571428571427,15,-0.16666666666666666,14,-0.125,10,-0.23076923076923078,10,-0.16666666666666666,9,-0.35714285714285715,3,-0.7692307692307693,9,-0.1,10,-0.23076923076923078,10,-0.16666666666666666,11,0.1,9,-0.1,10,0.0,10,0.0,8,-0.2,9,-0.1
2020-01-13,2020-01,Mon,3 2020,38,-0.07317073170731707,37,-0.05128205128205128,45,0.046511627906976744,29,-0.21621621621621623,37,-0.0975609756097561,38,0.11764705882352941,38,-0.02564102564102564,25,-0.038461538461538464,39,0.11428571428571428,45,0.3235294117647059,34,-0.10526315789473684,33,-0.10810810810810811,35,0.06060606060606061,32,0.03225806451612903,27,-0.15625,29,0.07407407407407407,30,0.0,40,0.3333333333333333,34,0.13333333333333333,37,0.27586206896551724,32,0.0,33,0.17857142857142858,26,0.04,35,0.09375,33,0.13793103448275862
2020-01-14,2020-01,Tue,3 2020,42,-0.023255813953488372,39,0.0,46,0.022222222222222223,34,-0.17073170731707318,39,-0.04878048780487805,37,-0.05128205128205128,39,-0.09302325581395349,29,-0.03333333333333333,44,0.1891891891891892,38,0.02702702702702703,43,0.10256410256410256,33,-0.10810810810810811,43,0.22857142857142856,38,0.22580645161290322,28,-0.2,27,-0.15625,28,-0.0967741935483871,37,0.23333333333333334,33,0.1,37,0.27586206896551724,34,0.030303030303030304,32,0.10344827586206896,30,0.15384615384615385,44,0.3333333333333333,34,0.13333333333333333
2020-01-15,2020-01,Wed,3 2020,42,0.0,39,0.0,53,0.17777777777777778,33,-0.1951219512195122,37,-0.11904761904761904,42,0.024390243902439025,37,-0.11904761904761904,27,-0.03571428571428571,38,0.02702702702702703,39,0.0,37,-0.02631578947368421,33,-0.05714285714285714,40,0.1111111111111111,37,0.23333333333333334,31,-0.16216216216216217,30,-0.16666666666666666,28,-0.06666666666666667,38,0.26666666666666666,32,0.06666666666666667,33,0.1,34,0.030303030303030304,29,0.07407407407407407,28,0.07692307692307693,40,0.21212121212121213,33,0.13793103448275862
2020-01-16,2020-01,Thu,3 2020,45,0.046511627906976744,41,0.025,53,0.17777777777777778,35,-0.125,39,-0.07142857142857142,52,0.3,47,0.11904761904761904,26,-0.037037037037037035,40,0.02564102564102564,43,0.13157894736842105,35,-0.05405405405405406,35,0.0,40,0.14285714285714285,35,0.16666666666666666,30,-0.14285714285714285,31,-0.1388888888888889,29,0.0,39,0.3,36,0.16129032258064516,36,0.2413793103448276,33,0.0,33,0.17857142857142858,33,0.2692307692307692,38,0.15151515151515152,33,0.1
2020-01-17,2020-01,Fri,3 2020,39,-0.04878048780487805,34,-0.08108108108108109,37,-0.075,31,-0.08823529411764706,34,-0.10526315789473684,35,0.029411764705882353,34,-0.02857142857142857,21,-0.2222222222222222,36,-0.16279069767441862,39,0.11428571428571428,36,-0.02702702702702703,32,-0.08571428571428572,35,0.16666666666666666,32,0.06666666666666667,31,-0.11428571428571428,28,-0.125,30,0.0,27,-0.03571428571428571,28,-0.034482758620689655,29,0.03571428571428571,31,0.0,32,0.06666666666666667,29,0.20833333333333334,40,0.2903225806451613,30,0.034482758620689655
2020-01-18,2020-01,Sat,3 2020,20,-0.23076923076923078,21,-0.045454545454545456,26,0.0,19,-0.05,21,-0.125,22,-0.043478260869565216,15,-0.25,12,-0.2,18,-0.14285714285714285,21,0.05,21,-0.125,23,0.045454545454545456,18,0.0,25,0.25,19,-0.20833333333333334,13,-0.2777777777777778,26,0.3684210526315789,13,-0.3157894736842105,20,-0.047619047619047616,21,0.16666666666666666,17,-0.05555555555555555,19,0.05555555555555555,21,0.5,14,-0.125,16,-0.058823529411764705
2020-01-19,2020-01,Sun,3 2020,15,-0.3181818181818182,17,0.0625,14,-0.2222222222222222,9,-0.4,9,-0.3076923076923077,13,-0.07142857142857142,11,-0.21428571428571427,5,-0.5454545454545454,9,-0.4,14,0.0,17,-0.05555555555555555,14,-0.125,10,-0.23076923076923078,15,0.25,11,-0.21428571428571427,4,-0.6923076923076923,10,0.0,14,0.07692307692307693,10,-0.16666666666666666,12,0.2,9,-0.1,12,0.2,13,0.3,8,-0.2,9,-0.1
2020-01-20,2020-01,Mon,4 2020,41,0.0,38,-0.02564102564102564,46,0.06976744186046512,34,-0.08108108108108109,35,-0.14634146341463414,37,0.08823529411764706,36,-0.07692307692307693,24,-0.07692307692307693,32,-0.08571428571428572,37,0.08823529411764706,34,-0.10526315789473684,34,-0.08108108108108109,41,0.24242424242424243,33,0.06451612903225806,28,-0.125,23,-0.14814814814814814,32,0.06666666666666667,36,0.2,31,0.03333333333333333,31,0.06896551724137931,32,0.0,30,0.07142857142857142,25,0.0,36,0.125,33,0.13793103448275862
2020-01-21,2020-01,Tue,4 2020,43,0.0,41,0.05128205128205128,70,0.5555555555555556,38,-0.07317073170731707,40,-0.024390243902439025,40,0.02564102564102564,44,0.023255813953488372,29,-0.03333333333333333,42,0.13513513513513514,46,0.24324324324324326,35,-0.10256410256410256,35,-0.05405405405405406,50,0.42857142857142855,34,0.0967741935483871,29,-0.17142857142857143,25,-0.21875,29,-0.06451612903225806,40,0.3333333333333333,34,0.13333333333333333,35,0.20689655172413793,33,0.0,33,0.13793103448275862,35,0.34615384615384615,45,0.36363636363636365,35,0.16666666666666666
2020-01-22,2020-01,Wed,4 2020,44,0.047619047619047616,38,-0.02564102564102564,43,-0.044444444444444446,34,-0.17073170731707318,34,-0.19047619047619047,39,-0.04878048780487805,37,-0.11904761904761904,29,0.03571428571428571,35,-0.05405405405405406,45,0.15384615384615385,33,-0.13157894736842105,36,0.02857142857142857,50,0.3888888888888889,34,0.13333333333333333,30,-0.1891891891891892,31,-0.1388888888888889,27,-0.1,35,0.16666666666666666,29,-0.03333333333333333,33,0.1,36,0.09090909090909091,31,0.14814814814814814,30,0.15384615384615385,40,0.21212121212121213,33,0.13793103448275862
2020-01-23,2020-01,Thu,4 2020,41,-0.046511627906976744,37,-0.075,47,0.044444444444444446,33,-0.175,34,-0.19047619047619047,40,0.0,41,-0.023809523809523808,23,-0.14814814814814814,44,0.1282051282051282,39,0.02631578947368421,34,-0.08108108108108109,34,-0.02857142857142857,41,0.17142857142857143,38,0.26666666666666666,31,-0.11428571428571428,35,-0.027777777777777776,29,0.0,36,0.2,30,-0.03225806451612903,31,0.06896551724137931,32,-0.030303030303030304,29,0.03571428571428571,26,0.0,37,0.12121212121212122,32,0.06666666666666667
2020-01-24,2020-01,Fri,4 2020,38,-0.07317073170731707,34,-0.08108108108108109,40,0.0,31,-0.08823529411764706,31,-0.18421052631578946,34,0.0,36,0.02857142857142857,20,-0.25925925925925924,35,-0.18604651162790697,35,0.0,33,-0.10810810810810811,34,-0.02857142857142857,29,-0.03333333333333333,33,0.1,32,-0.08571428571428572,27,-0.15625,29,-0.03333333333333333,27,-0.03571428571428571,27,-0.06896551724137931,28,0.0,29,-0.06451612903225806,29,-0.03333333333333333,23,-0.041666666666666664,31,0.0,29,0.0
2020-01-25,2020-01,Sat,4 2020,20,-0.23076923076923078,22,0.0,25,-0.038461538461538464,18,-0.1,20,-0.16666666666666666,20,-0.13043478260869565,15,-0.25,11,-0.26666666666666666,16,-0.23809523809523808,17,-0.15,21,-0.125,22,0.0,17,-0.05555555555555555,22,0.1,23,-0.041666666666666664,12,-0.3333333333333333,16,-0.15789473684210525,31,0.631578947368421,20,-0.047619047619047616,18,0.0,16,-0.1111111111111111,18,0.0,14,0.0,15,-0.0625,14,-0.17647058823529413
2020-01-26,2020-01,Sun,4 2020,14,-0.36363636363636365,15,-0.0625,16,-0.1111111111111111,10,-0.3333333333333333,9,-0.3076923076923077,14,0.0,12,-0.14285714285714285,6,-0.45454545454545453,11,-0.26666666666666666,12,-0.14285714285714285,15,-0.16666666666666666,14,-0.125,11,-0.15384615384615385,14,0.16666666666666666,13,-0.07142857142857142,4,-0.6923076923076923,9,-0.1,8,-0.38461538461538464,11,-0.08333333333333333,11,0.1,10,0.0,10,0.0,10,0.0,9,-0.1,8,-0.2
2020-01-27,2020-01,Mon,5 2020,44,0.07317073170731707,37,-0.05128205128205128,53,0.23255813953488372,39,0.05405405405405406,37,-0.0975609756097561,38,0.11764705882352941,46,0.1794871794871795,21,-0.19230769230769232,37,0.05714285714285714,45,0.3235294117647059,42,0.10526315789473684,38,0.02702702702702703,38,0.15151515151515152,34,0.0967741935483871,33,0.03125,33,0.2222222222222222,30,0.0,31,0.03333333333333333,35,0.16666666666666666,33,0.13793103448275862,33,0.03125,31,0.10714285714285714,30,0.2,39,0.21875,33,0.13793103448275862
2020-01-28,2020-01,Tue,5 2020,48,0.11627906976744186,48,0.23076923076923078,45,0.0,40,-0.024390243902439025,38,-0.07317073170731707,43,0.10256410256410256,40,-0.06976744186046512,26,-0.13333333333333333,38,0.02702702702702703,45,0.21621621621621623,39,0.0,38,0.02702702702702703,38,0.08571428571428572,35,0.12903225806451613,33,-0.05714285714285714,33,0.03125,31,0.0,34,0.13333333333333333,35,0.16666666666666666,32,0.10344827586206896,41,0.24242424242424243,36,0.2413793103448276,38,0.46153846153846156,42,0.2727272727272727,34,0.13333333333333333
2020-01-29,2020-01,Wed,5 2020,47,0.11904761904761904,35,-0.10256410256410256,43,-0.044444444444444446,38,-0.07317073170731707,40,-0.047619047619047616,49,0.1951219512195122,40,-0.047619047619047616,20,-0.2857142857142857,36,-0.02702702702702703,39,0.0,33,-0.13157894736842105,33,-0.05714285714285714,33,-0.08333333333333333,31,0.03333333333333333,32,-0.13513513513513514,29,-0.19444444444444445,27,-0.1,37,0.23333333333333334,34,0.13333333333333333,31,0.03333333333333333,36,0.09090909090909091,28,0.037037037037037035,26,0.0,38,0.15151515151515152,33,0.13793103448275862
2020-01-30,2020-01,Thu,5 2020,43,0.0,40,0.0,45,0.0,36,-0.1,35,-0.16666666666666666,48,0.2,40,-0.047619047619047616,20,-0.25925925925925924,37,-0.05128205128205128,37,-0.02631578947368421,38,0.02702702702702703,34,-0.02857142857142857,34,-0.02857142857142857,33,0.1,35,0.0,35,-0.027777777777777776,28,-0.034482758620689655,28,-0.06666666666666667,32,0.03225806451612903,30,0.034482758620689655,32,-0.030303030303030304,28,0.0,26,0.0,36,0.09090909090909091,31,0.03333333333333333
2020-01-31,2020-01,Fri,5 2020,36,-0.12195121951219512,35,-0.05405405405405406,42,0.05,31,-0.08823529411764706,33,-0.13157894736842105,33,-0.029411764705882353,32,-0.08571428571428572,21,-0.2222222222222222,39,-0.09302325581395349,36,0.02857142857142857,37,0.0,34,-0.02857142857142857,28,-0.06666666666666667,32,0.06666666666666667,31,-0.11428571428571428,24,-0.25,26,-0.13333333333333333,25,-0.10714285714285714,31,0.06896551724137931,29,0.03571428571428571,33,0.06451612903225806,29,-0.03333333333333333,26,0.08333333333333333,33,0.06451612903225806,28,-0.034482758620689655
2020-02-01,2020-02,Sat,5 2020,22,-0.15384615384615385,22,0.0,31,0.19230769230769232,22,0.1,26,0.08333333333333333,24,0.043478260869565216,17,-0.15,12,-0.2,19,-0.09523809523809523,22,0.1,22,-0.08333333333333333,23,0.045454545454545456,18,0.0,26,0.3,21,-0.125,18,0.0,26,0.3684210526315789,16,-0.15789473684210525,22,0.047619047619047616,21,0.16666666666666666,23,0.2777777777777778,20,0.1111111111111111,22,0.5714285714285714,20,0.25,24,0.4117647058823529
2020-02-02,2020-02,Sun,5 2020,15,-0.3181818181818182,16,0.0,15,-0.16666666666666666,10,-0.3333333333333333,11,-0.15384615384615385,13,-0.07142857142857142,11,-0.21428571428571427,6,-0.45454545454545453,11,-0.26666666666666666,14,0.0,16,-0.1111111111111111,15,-0.0625,10,-0.23076923076923078,14,0.16666666666666666,12,-0.14285714285714285,5,-0.6153846153846154,10,0.0,7,-0.46153846153846156,13,0.08333333333333333,12,0.2,13,0.3,12,0.2,11,0.1,10,0.0,10,0.0
2020-02-03,2020-02,Mon,6 2020,41,0.0,34,-0.1282051282051282,41,-0.046511627906976744,48,0.2972972972972973,36,-0.12195121951219512,41,0.20588235294117646,35,-0.10256410256410256,20,-0.23076923076923078,36,0.02857142857142857,33,-0.029411764705882353,34,-0.10526315789473684,36,-0.02702702702702703,29,-0.12121212121212122,34,0.0967741935483871,39,0.21875,26,-0.037037037037037035,33,0.1,26,-0.13333333333333333,29,-0.03333333333333333,30,0.034482758620689655,36,0.125,28,0.0,25,0.0,29,-0.09375,30,0.034482758620689655
2020-02-04,2020-02,Tue,6 2020,45,0.046511627906976744,32,-0.1794871794871795,51,0.13333333333333333,42,0.024390243902439025,38,-0.07317073170731707,44,0.1282051282051282,43,0.0,26,-0.13333333333333333,47,0.2702702702702703,44,0.1891891891891892,33,-0.15384615384615385,37,0.0,39,0.11428571428571428,35,0.12903225806451613,32,-0.08571428571428572,25,-0.21875,29,-0.06451612903225806,30,0.0,32,0.06666666666666667,35,0.20689655172413793,36,0.09090909090909091,31,0.06896551724137931,30,0.15384615384615385,40,0.21212121212121213,34,0.13333333333333333
2020-02-05,2020-02,Wed,6 2020,41,-0.023809523809523808,34,-0.1282051282051282,43,-0.044444444444444446,34,-0.17073170731707318,34,-0.19047619047619047,42,0.024390243902439025,48,0.14285714285714285,24,-0.14285714285714285,42,0.13513513513513514,40,0.02564102564102564,32,-0.15789473684210525,33,-0.05714285714285714,33,-0.08333333333333333,31,0.03333333333333333,31,-0.16216216216216217,30,-0.16666666666666666,30,0.0,32,0.06666666666666667,31,0.03333333333333333,32,0.06666666666666667,31,-0.06060606060606061,31,0.14814814814814814,29,0.11538461538461539,38,0.15151515151515152,29,0.0
2020-02-06,2020-02,Thu,6 2020,39,-0.09302325581395349,33,-0.175,36,-0.2,38,-0.05,33,-0.21428571428571427,45,0.125,40,-0.047619047619047616,21,-0.2222222222222222,35,-0.10256410256410256,36,-0.05263157894736842,33,-0.10810810810810811,35,0.0,29,-0.17142857142857143,31,0.03333333333333333,34,-0.02857142857142857,26,-0.2777777777777778,28,-0.034482758620689655,32,0.06666666666666667,34,0.0967741935483871,31,0.06896551724137931,31,-0.06060606060606061,28,0.0,25,-0.038461538461538464,32,-0.030303030303030304,28,-0.06666666666666667
2020-02-07,2020-02,Fri,6 2020,41,0.0,31,-0.16216216216216217,36,-0.1,33,-0.029411764705882353,33,-0.13157894736842105,34,0.0,37,0.05714285714285714,20,-0.25925925925925924,33,-0.23255813953488372,40,0.14285714285714285,32,-0.13513513513513514,33,-0.05714285714285714,32,0.06666666666666667,29,-0.03333333333333333,33,-0.05714285714285714,23,-0.28125,27,-0.1,27,-0.03571428571428571,29,0.0,28,0.0,26,-0.16129032258064516,31,0.03333333333333333,26,0.08333333333333333,33,0.06451612903225806,29,0.0
2020-02-08,2020-02,Sat,6 2020,23,-0.11538461538461539,21,-0.045454545454545456,24,-0.07692307692307693,23,0.15,21,-0.125,26,0.13043478260869565,16,-0.2,10,-0.3333333333333333,19,-0.09523809523809523,17,-0.15,21,-0.125,19,-0.13636363636363635,15,-0.16666666666666666,18,-0.1,25,0.041666666666666664,11,-0.3888888888888889,15,-0.21052631578947367,13,-0.3157894736842105,19,-0.09523809523809523,19,0.05555555555555555,16,-0.1111111111111111,18,0.0,13,-0.07142857142857142,16,0.0,16,-0.058823529411764705
2020-02-09,2020-02,Sun,6 2020,12,-0.45454545454545453,12,-0.25,11,-0.3888888888888889,15,0.0,9,-0.3076923076923077,13,-0.07142857142857142,8,-0.42857142857142855,4,-0.6363636363636364,9,-0.4,8,-0.42857142857142855,15,-0.16666666666666666,12,-0.25,7,-0.46153846153846156,11,-0.08333333333333333,11,-0.21428571428571427,3,-0.7692307692307693,7,-0.3,6,-0.5384615384615384,9,-0.25,11,0.1,7,-0.3,12,0.2,8,-0.2,7,-0.3,8,-0.2
2020-02-10,2020-02,Mon,7 2020,42,0.024390243902439025,33,-0.15384615384615385,28,-0.3488372093023256,22,-0.40540540540540543,28,-0.3170731707317073,34,0.0,28,-0.28205128205128205,18,-0.3076923076923077,36,0.02857142857142857,25,-0.2647058823529412,36,-0.05263157894736842,28,-0.24324324324324326,23,-0.30303030303030304,28,-0.0967741935483871,30,-0.0625,23,-0.14814814814814814,21,-0.3,22,-0.26666666666666666,32,0.06666666666666667,27,-0.06896551724137931,31,-0.03125,27,-0.03571428571428571,26,0.04,26,-0.1875,25,-0.13793103448275862
2020-02-11,2020-02,Tue,7 2020,46,0.06976744186046512,37,-0.05128205128205128,40,-0.1111111111111111,43,0.04878048780487805,40,-0.024390243902439025,45,0.15384615384615385,47,0.09302325581395349,31,0.03333333333333333,47,0.2702702702702703,55,0.4864864864864865,45,0.15384615384615385,30,-0.1891891891891892,36,0.02857142857142857,29,-0.06451612903225806,32,-0.08571428571428572,30,-0.0625,27,-0.12903225806451613,30,0.0,35,0.16666666666666666,35,0.20689655172413793,33,0.0,32,0.10344827586206896,27,0.038461538461538464,38,0.15151515151515152,32,0.06666666666666667
2020-02-12,2020-02,Wed,7 2020,44,0.047619047619047616,35,-0.10256410256410256,37,-0.17777777777777778,40,-0.024390243902439025,43,0.023809523809523808,40,-0.024390243902439025,38,-0.09523809523809523,24,-0.14285714285714285,39,0.05405405405405406,41,0.05128205128205128,41,0.07894736842105263,28,-0.2,36,0.0,27,-0.1,32,-0.13513513513513514,42,0.16666666666666666,27,-0.1,30,0.0,31,0.03333333333333333,33,0.1,39,0.18181818181818182,30,0.1111111111111111,25,-0.038461538461538464,38,0.15151515151515152,33,0.13793103448275862
2020-02-13,2020-02,Thu,7 2020,51,0.18604651162790697,39,-0.025,41,-0.08888888888888889,39,-0.025,47,0.11904761904761904,49,0.225,38,-0.09523809523809523,26,-0.037037037037037035,42,0.07692307692307693,44,0.15789473684210525,49,0.32432432432432434,28,-0.2,39,0.11428571428571428,29,-0.03333333333333333,38,0.08571428571428572,39,0.08333333333333333,31,0.06896551724137931,36,0.2,39,0.25806451612903225,32,0.10344827586206896,38,0.15151515151515152,41,0.4642857142857143,35,0.34615384615384615,58,0.7575757575757576,39,0.3
2020-02-14,2020-02,Fri,7 2020,39,-0.04878048780487805,38,0.02702702702702703,35,-0.125,43,0.2647058823529412,40,0.05263157894736842,37,0.08823529411764706,31,-0.11428571428571428,23,-0.14814814814814814,37,-0.13953488372093023,37,0.05714285714285714,34,-0.08108108108108109,28,-0.2,33,0.1,29,-0.03333333333333333,32,-0.08571428571428572,31,-0.03125,28,-0.06666666666666667,25,-0.10714285714285714,30,0.034482758620689655,29,0.03571428571428571,32,0.03225806451612903,32,0.06666666666666667,29,0.20833333333333334,33,0.06451612903225806,32,0.10344827586206896
2020-02-15,2020-02,Sat,7 2020,21,-0.19230769230769232,21,-0.045454545454545456,27,0.038461538461538464,26,0.3,24,0.0,25,0.08695652173913043,18,-0.1,11,-0.26666666666666666,17,-0.19047619047619047,20,0.0,21,-0.125,20,-0.09090909090909091,18,0.0,23,0.15,25,0.041666666666666664,13,-0.2777777777777778,20,0.05263157894736842,14,-0.2631578947368421,23,0.09523809523809523,20,0.1111111111111111,24,0.3333333333333333,20,0.1111111111111111,15,0.07142857142857142,16,0.0,17,0.0
2020-02-16,2020-02,Sun,7 2020,14,-0.36363636363636365,14,-0.125,19,0.05555555555555555,13,-0.13333333333333333,9,-0.3076923076923077,14,0.0,10,-0.2857142857142857,5,-0.5454545454545454,10,-0.3333333333333333,15,0.07142857142857142,17,-0.05555555555555555,12,-0.25,10,-0.23076923076923078,12,0.0,12,-0.14285714285714285,7,-0.46153846153846156,9,-0.1,7,-0.46153846153846156,11,-0.08333333333333333,12,0.2,10,0.0,11,0.1,10,0.0,10,0.0,10,0.0
2020-02-17,2020-02,Mon,8 2020,41,0.0,36,-0.07692307692307693,38,-0.11627906976744186,38,0.02702702702702703,49,0.1951219512195122,42,0.23529411764705882,39,0.0,26,0.0,35,0.0,40,0.17647058823529413,35,-0.07894736842105263,29,-0.21621621621621623,39,0.18181818181818182,28,-0.0967741935483871,33,0.03125,32,0.18518518518518517,28,-0.06666666666666667,31,0.03333333333333333,29,-0.03333333333333333,32,0.10344827586206896,32,0.0,32,0.14285714285714285,27,0.08,36,0.125,32,0.10344827586206896
2020-02-18,2020-02,Tue,8 2020,46,0.06976744186046512,38,-0.02564102564102564,38,-0.15555555555555556,37,-0.0975609756097561,41,0.0,45,0.15384615384615385,42,-0.023255813953488372,30,0.0,37,0.0,42,0.13513513513513514,34,-0.1282051282051282,31,-0.16216216216216217,39,0.11428571428571428,29,-0.06451612903225806,33,-0.05714285714285714,27,-0.15625,30,-0.03225806451612903,32,0.06666666666666667,30,0.0,34,0.1724137931034483,36,0.09090909090909091,40,0.3793103448275862,29,0.11538461538461539,35,0.06060606060606061,32,0.06666666666666667
2020-02-19,2020-02,Wed,8 2020,46,0.09523809523809523,41,0.05128205128205128,43,-0.044444444444444446,38,-0.07317073170731707,36,-0.14285714285714285,43,0.04878048780487805,48,0.14285714285714285,24,-0.14285714285714285,60,0.6216216216216216,45,0.15384615384615385,35,-0.07894736842105263,28,-0.2,39,0.08333333333333333,30,0.0,35,-0.05405405405405406,30,-0.16666666666666666,26,-0.13333333333333333,32,0.06666666666666667,28,-0.06666666666666667,34,0.13333333333333333,37,0.12121212121212122,34,0.25925925925925924,31,0.19230769230769232,41,0.24242424242424243,32,0.10344827586206896
2020-02-20,2020-02,Thu,8 2020,46,0.06976744186046512,40,0.0,38,-0.15555555555555556,37,-0.075,36,-0.14285714285714285,45,0.125,21,-0.5,24,-0.1111111111111111,40,0.02564102564102564,22,-0.42105263157894735,39,0.05405405405405406,30,-0.14285714285714285,22,-0.37142857142857144,27,-0.1,29,-0.17142857142857143,30,-0.16666666666666666,31,0.06896551724137931,20,-0.3333333333333333,29,-0.06451612903225806,28,-0.034482758620689655,35,0.06060606060606061,31,0.10714285714285714,27,0.038461538461538464,34,0.030303030303030304,29,-0.03333333333333333
2020-02-21,2020-02,Fri,8 2020,42,0.024390243902439025,35,-0.05405405405405406,36,-0.1,39,0.14705882352941177,35,-0.07894736842105263,34,0.0,22,-0.37142857142857144,22,-0.18518518518518517,37,-0.13953488372093023,26,-0.2571428571428571,36,-0.02702702702702703,29,-0.17142857142857143,20,-0.3333333333333333,27,-0.1,29,-0.17142857142857143,23,-0.28125,26,-0.13333333333333333,21,-0.25,26,-0.10344827586206896,26,-0.07142857142857142,30,-0.03225806451612903,29,-0.03333333333333333,21,-0.125,29,-0.06451612903225806,28,-0.034482758620689655
2020-02-22,2020-02,Sat,8 2020,25,-0.038461538461538464,22,0.0,20,-0.23076923076923078,25,0.25,21,-0.125,22,-0.043478260869565216,14,-0.3,13,-0.13333333333333333,21,0.0,18,-0.1,22,-0.08333333333333333,21,-0.045454545454545456,14,-0.2222222222222222,19,-0.05,25,0.041666666666666664,14,-0.2222222222222222,17,-0.10526315789473684,20,0.05263157894736842,18,-0.14285714285714285,17,-0.05555555555555555,19,0.05555555555555555,19,0.05555555555555555,14,0.0,18,0.125,14,-0.17647058823529413
2020-02-23,2020-02,Sun,8 2020,16,-0.2727272727272727,17,0.0625,20,0.1111111111111111,12,-0.2,11,-0.15384615384615385,11,-0.21428571428571427,10,-0.2857142857142857,8,-0.2727272727272727,12,-0.2,15,0.07142857142857142,15,-0.16666666666666666,13,-0.1875,11,-0.15384615384615385,14,0.16666666666666666,10,-0.2857142857142857,4,-0.6923076923076923,8,-0.2,7,-0.46153846153846156,11,-0.08333333333333333,12,0.2,11,0.1,17,0.7,13,0.3,11,0.1,11,0.1
2020-02-24,2020-02,Mon,9 2020,49,0.1951219512195122,37,-0.05128205128205128,24,-0.4418604651162791,26,-0.2972972972972973,29,-0.2926829268292683,30,-0.11764705882352941,14,-0.6410256410256411,26,0.0,43,0.22857142857142856,14,-0.5882352941176471,36,-0.05263157894736842,37,0.0,14,-0.5757575757575758,35,0.12903225806451613,21,-0.34375,18,-0.3333333333333333,21,-0.3,15,-0.5,24,-0.2,21,-0.27586206896551724,38,0.1875,29,0.03571428571428571,18,-0.28,20,-0.375,21,-0.27586206896551724
2020-02-25,2020-02,Tue,9 2020,46,0.06976744186046512,41,0.05128205128205128,32,-0.28888888888888886,26,-0.36585365853658536,28,-0.3170731707317073,30,-0.23076923076923078,23,-0.46511627906976744,24,-0.2,38,0.02702702702702703,24,-0.35135135135135137,38,-0.02564102564102564,40,0.08108108108108109,27,-0.22857142857142856,34,0.0967741935483871,26,-0.2571428571428571,23,-0.28125,19,-0.3870967741935484,19,-0.36666666666666664,23,-0.23333333333333334,30,0.034482758620689655,35,0.06060606060606061,29,0.0,24,-0.07692307692307693,30,-0.09090909090909091,28,-0.06666666666666667
2020-02-26,2020-02,Wed,9 2020,42,0.0,39,0.0,37,-0.17777777777777778,31,-0.24390243902439024,35,-0.16666666666666666,35,-0.14634146341463414,35,-0.16666666666666666,23,-0.17857142857142858,40,0.08108108108108109,40,0.02564102564102564,36,-0.05263157894736842,35,0.0,36,0.0,36,0.2,25,-0.32432432432432434,26,-0.2777777777777778,22,-0.26666666666666666,31,0.03333333333333333,26,-0.13333333333333333,35,0.16666666666666666,36,0.09090909090909091,33,0.2222222222222222,57,1.1923076923076923,43,0.30303030303030304,33,0.13793103448275862
2020-02-27,2020-02,Thu,9 2020,49,0.13953488372093023,40,0.0,66,0.4666666666666667,37,-0.075,42,0.0,44,0.1,48,0.14285714285714285,23,-0.14814814814814814,33,-0.15384615384615385,42,0.10526315789473684,37,0.0,35,0.0,42,0.2,34,0.13333333333333333,27,-0.22857142857142856,29,-0.19444444444444445,31,0.06896551724137931,35,0.16666666666666666,36,0.16129032258064516,37,0.27586206896551724,32,-0.030303030303030304,32,0.14285714285714285,33,0.2692307692307692,41,0.24242424242424243,33,0.1
2020-02-28,2020-02,Fri,9 2020,43,0.04878048780487805,37,0.0,36,-0.1,29,-0.14705882352941177,32,-0.15789473684210525,31,-0.08823529411764706,32,-0.08571428571428572,22,-0.18518518518518517,39,-0.09302325581395349,33,-0.05714285714285714,37,0.0,35,0.0,27,-0.1,32,0.06666666666666667,30,-0.14285714285714285,27,-0.15625,24,-0.2,25,-0.10714285714285714,27,-0.06896551724137931,30,0.07142857142857142,34,0.0967741935483871,30,0.0,25,0.041666666666666664,31,0.0,30,0.034482758620689655
2020-02-29,2020-02,Sat,9 2020,24,-0.07692307692307693,22,0.0,26,0.0,20,0.0,23,-0.041666666666666664,23,0.0,18,-0.1,12,-0.2,19,-0.09523809523809523,18,-0.1,22,-0.08333333333333333,19,-0.13636363636363635,15,-0.16666666666666666,20,0.0,17,-0.2916666666666667,13,-0.2777777777777778,21,0.10526315789473684,14,-0.2631578947368421,26,0.23809523809523808,18,0.0,19,0.05555555555555555,19,0.05555555555555555,15,0.07142857142857142,17,0.0625,19,0.11764705882352941
2020-03-01,2020-03,Sun,9 2020,24,0.09090909090909091,15,-0.0625,16,-0.1111111111111111,12,-0.2,11,-0.15384615384615385,14,0.0,12,-0.14285714285714285,6,-0.45454545454545453,11,-0.26666666666666666,11,-0.21428571428571427,16,-0.1111111111111111,13,-0.1875,9,-0.3076923076923077,17,0.4166666666666667,10,-0.2857142857142857,6,-0.5384615384615384,9,-0.1,7,-0.46153846153846156,11,-0.08333333333333333,11,0.1,9,-0.1,11,0.1,9,-0.1,10,0.0,9,-0.1
2020-03-02,2020-03,Mon,10 2020,39,-0.04878048780487805,39,0.0,44,0.023255813953488372,36,-0.02702702702702703,41,0.0,42,0.23529411764705882,39,0.0,23,-0.11538461538461539,31,-0.11428571428571428,37,0.08823529411764706,39,0.02631578947368421,40,0.08108108108108109,33,0.0,40,0.2903225806451613,32,0.0,30,0.1111111111111111,27,-0.1,28,-0.06666666666666667,32,0.06666666666666667,33,0.13793103448275862,31,-0.03125,30,0.07142857142857142,27,0.08,36,0.125,30,0.034482758620689655
2020-03-03,2020-03,Tue,10 2020,42,-0.023255813953488372,41,0.05128205128205128,39,-0.13333333333333333,40,-0.024390243902439025,42,0.024390243902439025,46,0.1794871794871795,42,-0.023255813953488372,28,-0.06666666666666667,39,0.05405405405405406,43,0.16216216216216217,36,-0.07692307692307693,37,0.0,32,-0.08571428571428572,36,0.16129032258064516,29,-0.17142857142857143,33,0.03125,27,-0.12903225806451613,27,-0.1,31,0.03333333333333333,35,0.20689655172413793,36,0.09090909090909091,32,0.10344827586206896,26,0.0,37,0.12121212121212122,32,0.06666666666666667
2020-03-04,2020-03,Wed,10 2020,37,-0.11904761904761904,37,-0.05128205128205128,43,-0.044444444444444446,35,-0.14634146341463414,43,0.023809523809523808,43,0.04878048780487805,39,-0.07142857142857142,24,-0.14285714285714285,34,-0.08108108108108109,41,0.05128205128205128,34,-0.10526315789473684,34,-0.02857142857142857,32,-0.1111111111111111,32,0.06666666666666667,32,-0.13513513513513514,25,-0.3055555555555556,25,-0.16666666666666666,34,0.13333333333333333,29,-0.03333333333333333,31,0.03333333333333333,32,-0.030303030303030304,30,0.1111111111111111,30,0.15384615384615385,34,0.030303030303030304,30,0.034482758620689655
2020-03-05,2020-03,Thu,10 2020,46,0.06976744186046512,38,-0.05,51,0.13333333333333333,40,0.0,48,0.14285714285714285,42,0.05,54,0.2857142857142857,23,-0.14814814814814814,32,-0.1794871794871795,45,0.18421052631578946,39,0.05405405405405406,41,0.17142857142857143,34,-0.02857142857142857,37,0.23333333333333334,34,-0.02857142857142857,44,0.2222222222222222,32,0.10344827586206896,32,0.06666666666666667,37,0.1935483870967742,32,0.10344827586206896,31,-0.06060606060606061,30,0.07142857142857142,29,0.11538461538461539,39,0.18181818181818182,33,0.1
2020-03-06,2020-03,Fri,10 2020,39,-0.04878048780487805,38,0.02702702702702703,35,-0.125,29,-0.14705882352941177,38,0.0,36,0.058823529411764705,32,-0.08571428571428572,26,-0.037037037037037035,47,0.09302325581395349,31,-0.11428571428571428,37,0.0,35,0.0,26,-0.13333333333333333,35,0.16666666666666666,28,-0.2,43,0.34375,25,-0.16666666666666666,25,-0.10714285714285714,34,0.1724137931034483,30,0.07142857142857142,34,0.0967741935483871,39,0.3,27,0.125,31,0.0,29,0.0
2020-03-07,2020-03,Sat,10 2020,30,0.15384615384615385,20,-0.09090909090909091,24,-0.07692307692307693,17,-0.15,21,-0.125,22,-0.043478260869565216,18,-0.1,12,-0.2,16,-0.23809523809523808,17,-0.15,21,-0.125,20,-0.09090909090909091,15,-0.16666666666666666,19,-0.05,20,-0.16666666666666666,16,-0.1111111111111111,16,-0.15789473684210525,23,0.21052631578947367,19,-0.09523809523809523,19,0.05555555555555555,16,-0.1111111111111111,20,0.1111111111111111,14,0.0,17,0.0625,14,-0.17647058823529413
2020-03-08,2020-03,Sun,10 2020,22,0.0,14,-0.125,14,-0.2222222222222222,16,0.06666666666666667,11,-0.15384615384615385,15,0.07142857142857142,11,-0.21428571428571427,6,-0.45454545454545453,10,-0.3333333333333333,10,-0.2857142857142857,17,-0.05555555555555555,16,0.0,9,-0.3076923076923077,12,0.0,11,-0.21428571428571427,7,-0.46153846153846156,9,-0.1,8,-0.38461538461538464,10,-0.16666666666666666,12,0.2,10,0.0,10,0.0,9,-0.1,11,0.1,9,-0.1
2020-03-09,2020-03,Mon,11 2020,36,-0.12195121951219512,39,0.0,39,-0.09302325581395349,35,-0.05405405405405406,39,-0.04878048780487805,39,0.14705882352941177,34,-0.1282051282051282,20,-0.23076923076923078,30,-0.14285714285714285,33,-0.029411764705882353,35,-0.07894736842105263,35,-0.05405405405405406,27,-0.18181818181818182,37,0.1935483870967742,27,-0.15625,43,0.5925925925925926,26,-0.13333333333333333,28,-0.06666666666666667,30,0.0,31,0.06896551724137931,30,-0.0625,32,0.14285714285714285,24,-0.04,32,0.0,30,0.034482758620689655
2020-03-10,2020-03,Tue,11 2020,44,0.023255813953488372,40,0.02564102564102564,40,-0.1111111111111111,42,0.024390243902439025,45,0.0975609756097561,46,0.1794871794871795,42,-0.023255813953488372,27,-0.1,37,0.0,37,0.0,37,-0.05128205128205128,35,-0.05405405405405406,41,0.17142857142857143,41,0.3225806451612903,32,-0.08571428571428572,33,0.03125,30,-0.03225806451612903,33,0.1,33,0.1,36,0.2413793103448276,37,0.12121212121212122,35,0.20689655172413793,31,0.19230769230769232,42,0.2727272727272727,35,0.16666666666666666
2020-03-11,2020-03,Wed,11 2020,36,-0.14285714285714285,36,-0.07692307692307693,33,-0.26666666666666666,33,-0.1951219512195122,36,-0.14285714285714285,39,-0.04878048780487805,39,-0.07142857142857142,27,-0.03571428571428571,29,-0.21621621621621623,36,-0.07692307692307693,34,-0.10526315789473684,35,0.0,36,0.0,32,0.06666666666666667,26,-0.2972972972972973,30,-0.16666666666666666,26,-0.13333333333333333,26,-0.13333333333333333,27,-0.1,31,0.03333333333333333,36,0.09090909090909091,33,0.2222222222222222,31,0.19230769230769232,36,0.09090909090909091,32,0.10344827586206896
2020-03-12,2020-03,Thu,11 2020,34,-0.20930232558139536,36,-0.1,37,-0.17777777777777778,32,-0.2,36,-0.14285714285714285,36,-0.1,40,-0.047619047619047616,34,0.25925925925925924,31,-0.20512820512820512,37,-0.02631578947368421,32,-0.13513513513513514,33,-0.05714285714285714,32,-0.08571428571428572,31,0.03333333333333333,26,-0.2571428571428571,25,-0.3055555555555556,23,-0.20689655172413793,26,-0.13333333333333333,29,-0.06451612903225806,30,0.034482758620689655,33,0.0,30,0.07142857142857142,23,-0.11538461538461539,32,-0.030303030303030304,27,-0.1
2020-03-13,2020-03,Fri,11 2020,28,-0.3170731707317073,31,-0.16216216216216217,28,-0.3,28,-0.17647058823529413,30,-0.21052631578947367,29,-0.14705882352941177,25,-0.2857142857142857,30,0.1111111111111111,31,-0.27906976744186046,23,-0.34285714285714286,29,-0.21621621621621623,32,-0.08571428571428572,21,-0.3,28,-0.06666666666666667,27,-0.22857142857142856,21,-0.34375,24,-0.2,20,-0.2857142857142857,23,-0.20689655172413793,28,0.0,28,-0.0967741935483871,31,0.03333333333333333,22,-0.08333333333333333,26,-0.16129032258064516,22,-0.2413793103448276
2020-03-14,2020-03,Sat,11 2020,20,-0.23076923076923078,18,-0.18181818181818182,19,-0.2692307692307692,14,-0.3,17,-0.2916666666666667,15,-0.34782608695652173,15,-0.25,16,0.06666666666666667,13,-0.38095238095238093,15,-0.25,20,-0.16666666666666666,17,-0.22727272727272727,11,-0.3888888888888889,16,-0.2,14,-0.4166666666666667,9,-0.5,13,-0.3157894736842105,11,-0.42105263157894735,14,-0.3333333333333333,14,-0.2222222222222222,13,-0.2777777777777778,15,-0.16666666666666666,12,-0.14285714285714285,12,-0.25,12,-0.29411764705882354
2020-03-15,2020-03,Sun,11 2020,10,-0.5454545454545454,11,-0.3125,13,-0.2777777777777778,9,-0.4,9,-0.3076923076923077,10,-0.2857142857142857,8,-0.42857142857142855,9,-0.18181818181818182,5,-0.6666666666666666,8,-0.42857142857142855,12,-0.3333333333333333,12,-0.25,6,-0.5384615384615384,10,-0.16666666666666666,7,-0.5,3,-0.7692307692307693,7,-0.3,5,-0.6153846153846154,7,-0.4166666666666667,8,-0.2,6,-0.4,8,-0.2,6,-0.4,6,-0.4,7,-0.3
2020-03-16,2020-03,Mon,12 2020,29,-0.2926829268292683,33,-0.15384615384615385,28,-0.3488372093023256,25,-0.32432432432432434,35,-0.14634146341463414,31,-0.08823529411764706,24,-0.38461538461538464,27,0.038461538461538464,24,-0.3142857142857143,21,-0.38235294117647056,26,-0.3157894736842105,34,-0.08108108108108109,19,-0.42424242424242425,26,-0.16129032258064516,25,-0.21875,20,-0.25925925925925924,21,-0.3,20,-0.3333333333333333,24,-0.2,22,-0.2413793103448276,23,-0.28125,23,-0.17857142857142858,18,-0.28,20,-0.375,19,-0.3448275862068966
2020-03-17,2020-03,Tue,12 2020,24,-0.4418604651162791,26,-0.3333333333333333,23,-0.4888888888888889,20,-0.5121951219512195,32,-0.21951219512195122,23,-0.41025641025641024,21,-0.5116279069767442,23,-0.23333333333333334,24,-0.35135135135135137,18,-0.5135135135135135,24,-0.38461538461538464,27,-0.2702702702702703,16,-0.5428571428571428,24,-0.22580645161290322,20,-0.42857142857142855,15,-0.53125,19,-0.3870967741935484,18,-0.4,20,-0.3333333333333333,24,-0.1724137931034483,20,-0.3939393939393939,22,-0.2413793103448276,16,-0.38461538461538464,19,-0.42424242424242425,17,-0.43333333333333335
2020-03-18,2020-03,Wed,12 2020,22,-0.47619047619047616,24,-0.38461538461538464,19,-0.5777777777777777,20,-0.5121951219512195,25,-0.40476190476190477,21,-0.4878048780487805,18,-0.5714285714285714,24,-0.14285714285714285,20,-0.4594594594594595,15,-0.6153846153846154,23,-0.39473684210526316,25,-0.2857142857142857,13,-0.6388888888888888,22,-0.26666666666666666,18,-0.5135135135135135,15,-0.5833333333333334,16,-0.4666666666666667,17,-0.43333333333333335,19,-0.36666666666666664,18,-0.4,20,-0.3939393939393939,20,-0.25925925925925924,17,-0.34615384615384615,16,-0.5151515151515151,15,-0.4827586206896552
2020-03-19,2020-03,Thu,12 2020,21,-0.5116279069767442,21,-0.475,18,-0.6,18,-0.55,24,-0.42857142857142855,21,-0.475,18,-0.5714285714285714,20,-0.25925925925925924,17,-0.5641025641025641,14,-0.631578947368421,22,-0.40540540540540543,23,-0.34285714285714286,12,-0.6571428571428571,20,-0.3333333333333333,17,-0.5142857142857142,13,-0.6388888888888888,16,-0.4482758620689655,16,-0.4666666666666667,20,-0.3548387096774194,17,-0.41379310344827586,18,-0.45454545454545453,18,-0.35714285714285715,13,-0.5,14,-0.5757575757575758,14,-0.5333333333333333
2020-03-20,2020-03,Fri,12 2020,19,-0.5365853658536586,19,-0.4864864864864865,17,-0.575,18,-0.47058823529411764,27,-0.2894736842105263,19,-0.4411764705882353,16,-0.5428571428571428,19,-0.2962962962962963,16,-0.627906976744186,13,-0.6285714285714286,22,-0.40540540540540543,22,-0.37142857142857144,12,-0.6,20,-0.3333333333333333,17,-0.5142857142857142,14,-0.5625,18,-0.4,15,-0.4642857142857143,17,-0.41379310344827586,16,-0.42857142857142855,17,-0.45161290322580644,18,-0.4,13,-0.4583333333333333,14,-0.5483870967741935,14,-0.5172413793103449
2020-03-21,2020-03,Sat,12 2020,13,-0.5,12,-0.45454545454545453,12,-0.5384615384615384,10,-0.5,13,-0.4583333333333333,12,-0.4782608695652174,11,-0.45,11,-0.26666666666666666,10,-0.5238095238095238,9,-0.55,17,-0.2916666666666667,13,-0.4090909090909091,9,-0.5,13,-0.35,10,-0.5833333333333334,7,-0.6111111111111112,11,-0.42105263157894735,10,-0.47368421052631576,11,-0.47619047619047616,12,-0.3333333333333333,11,-0.3888888888888889,13,-0.2777777777777778,10,-0.2857142857142857,9,-0.4375,9,-0.47058823529411764
2020-03-22,2020-03,Sun,12 2020,9,-0.5909090909090909,8,-0.5,7,-0.6111111111111112,5,-0.6666666666666666,8,-0.38461538461538464,8,-0.42857142857142855,7,-0.5,7,-0.36363636363636365,6,-0.6,4,-0.7142857142857143,12,-0.3333333333333333,9,-0.4375,5,-0.6153846153846154,9,-0.25,6,-0.5714285714285714,2,-0.8461538461538461,5,-0.5,5,-0.6153846153846154,6,-0.5,7,-0.3,6,-0.4,8,-0.2,6,-0.4,6,-0.4,5,-0.5
2020-03-23,2020-03,Mon,13 2020,20,-0.5121951219512195,18,-0.5384615384615384,17,-0.6046511627906976,14,-0.6216216216216216,23,-0.43902439024390244,18,-0.47058823529411764,15,-0.6153846153846154,18,-0.3076923076923077,17,-0.5142857142857142,18,-0.47058823529411764,21,-0.4473684210526316,20,-0.4594594594594595,12,-0.6363636363636364,19,-0.3870967741935484,16,-0.5,11,-0.5925925925925926,14,-0.5333333333333333,14,-0.5333333333333333,16,-0.4666666666666667,16,-0.4482758620689655,17,-0.46875,18,-0.35714285714285715,13,-0.48,13,-0.59375,14,-0.5172413793103449
2020-03-24,2020-03,Tue,13 2020,19,-0.5581395348837209,18,-0.5384615384615384,16,-0.6444444444444445,14,-0.6585365853658537,21,-0.4878048780487805,18,-0.5384615384615384,16,-0.627906976744186,18,-0.4,16,-0.5675675675675675,13,-0.6486486486486487,21,-0.46153846153846156,20,-0.4594594594594595,11,-0.6857142857142857,18,-0.41935483870967744,15,-0.5714285714285714,11,-0.65625,14,-0.5483870967741935,14,-0.5333333333333333,15,-0.5,16,-0.4482758620689655,18,-0.45454545454545453,18,-0.3793103448275862,13,-0.5,13,-0.6060606060606061,13,-0.5666666666666667
2020-03-25,2020-03,Wed,13 2020,19,-0.5476190476190477,17,-0.5641025641025641,16,-0.6444444444444445,14,-0.6585365853658537,20,-0.5238095238095238,18,-0.5609756097560976,16,-0.6190476190476191,17,-0.39285714285714285,15,-0.5945945945945946,13,-0.6666666666666666,20,-0.47368421052631576,19,-0.45714285714285713,11,-0.6944444444444444,17,-0.43333333333333335,15,-0.5945945945945946,11,-0.6944444444444444,14,-0.5333333333333333,14,-0.5333333333333333,15,-0.5,16,-0.4666666666666667,16,-0.5151515151515151,17,-0.37037037037037035,12,-0.5384615384615384,13,-0.6060606060606061,13,-0.5517241379310345
2020-03-26,2020-03,Thu,13 2020,20,-0.5348837209302325,18,-0.55,16,-0.6444444444444445,13,-0.675,20,-0.5238095238095238,17,-0.575,15,-0.6428571428571429,17,-0.37037037037037035,16,-0.5897435897435898,13,-0.6578947368421053,21,-0.43243243243243246,19,-0.45714285714285713,11,-0.6857142857142857,18,-0.4,14,-0.6,11,-0.6944444444444444,13,-0.5517241379310345,14,-0.5333333333333333,15,-0.5161290322580645,16,-0.4482758620689655,16,-0.5151515151515151,19,-0.32142857142857145,12,-0.5384615384615384,13,-0.6060606060606061,13,-0.5666666666666667
2020-03-27,2020-03,Fri,13 2020,18,-0.5609756097560976,17,-0.5405405405405406,16,-0.6,13,-0.6176470588235294,20,-0.47368421052631576,17,-0.5,14,-0.6,18,-0.3333333333333333,16,-0.627906976744186,13,-0.6285714285714286,20,-0.4594594594594595,19,-0.45714285714285713,11,-0.6333333333333333,17,-0.43333333333333335,14,-0.6,10,-0.6875,13,-0.5666666666666667,14,-0.5,15,-0.4827586206896552,16,-0.42857142857142855,16,-0.4838709677419355,17,-0.43333333333333335,12,-0.5,13,-0.5806451612903226,12,-0.5862068965517241
2020-03-28,2020-03,Sat,13 2020,14,-0.46153846153846156,13,-0.4090909090909091,13,-0.5,10,-0.5,14,-0.4166666666666667,13,-0.43478260869565216,11,-0.45,12,-0.2,11,-0.47619047619047616,9,-0.55,17,-0.2916666666666667,13,-0.4090909090909091,8,-0.5555555555555556,12,-0.4,10,-0.5833333333333334,7,-0.6111111111111112,11,-0.42105263157894735,10,-0.47368421052631576,11,-0.47619047619047616,12,-0.3333333333333333,11,-0.3888888888888889,14,-0.2222222222222222,11,-0.21428571428571427,10,-0.375,9,-0.47058823529411764
2020-03-29,2020-03,Sun,13 2020,8,-0.6363636363636364,7,-0.5625,7,-0.6111111111111112,5,-0.6666666666666666,7,-0.46153846153846156,7,-0.5,6,-0.5714285714285714,6,-0.45454545454545453,5,-0.6666666666666666,4,-0.7142857142857143,12,-0.3333333333333333,9,-0.4375,4,-0.6923076923076923,8,-0.3333333333333333,6,-0.5714285714285714,2,-0.8461538461538461,5,-0.5,6,-0.5384615384615384,5,-0.5833333333333334,7,-0.3,6,-0.4,8,-0.2,5,-0.5,5,-0.5,4,-0.6
2020-03-30,2020-03,Mon,14 2020,22,-0.4634146341463415,19,-0.5128205128205128,18,-0.5813953488372093,15,-0.5945945945945946,22,-0.4634146341463415,18,-0.47058823529411764,17,-0.5641025641025641,18,-0.3076923076923077,17,-0.5142857142857142,16,-0.5294117647058824,22,-0.42105263157894735,20,-0.4594594594594595,11,-0.6666666666666666,19,-0.3870967741935484,16,-0.5,11,-0.5925925925925926,14,-0.5333333333333333,17,-0.43333333333333335,17,-0.43333333333333335,16,-0.4482758620689655,16,-0.5,16,-0.42857142857142855,13,-0.48,14,-0.5625,13,-0.5517241379310345
2020-03-31,2020-03,Tue,14 2020,21,-0.5116279069767442,18,-0.5384615384615384,17,-0.6222222222222222,15,-0.6341463414634146,21,-0.4878048780487805,18,-0.5384615384615384,25,-0.4186046511627907,18,-0.4,17,-0.5405405405405406,16,-0.5675675675675675,23,-0.41025641025641024,20,-0.4594594594594595,11,-0.6857142857142857,19,-0.3870967741935484,16,-0.5428571428571428,18,-0.4375,14,-0.5483870967741935,17,-0.43333333333333335,16,-0.4666666666666667,17,-0.41379310344827586,17,-0.48484848484848486,18,-0.3793103448275862,13,-0.5,14,-0.5757575757575758,13,-0.5666666666666667
2020-04-01,2020-04,Wed,14 2020,20,-0.5238095238095238,18,-0.5384615384615384,17,-0.6222222222222222,15,-0.6341463414634146,22,-0.47619047619047616,18,-0.5609756097560976,16,-0.6190476190476191,18,-0.35714285714285715,15,-0.5945945945945946,16,-0.5897435897435898,23,-0.39473684210526316,19,-0.45714285714285713,12,-0.6666666666666666,19,-0.36666666666666664,15,-0.5945945945945946,11,-0.6944444444444444,15,-0.5,18,-0.4,16,-0.4666666666666667,16,-0.4666666666666667,16,-0.5151515151515151,16,-0.4074074074074074,12,-0.5384615384615384,14,-0.5757575757575758,13,-0.5517241379310345
2020-04-02,2020-04,Thu,14 2020,20,-0.5348837209302325,19,-0.525,18,-0.6,16,-0.6,23,-0.4523809523809524,19,-0.525,16,-0.6190476190476191,19,-0.2962962962962963,15,-0.6153846153846154,13,-0.6578947368421053,21,-0.43243243243243246,20,-0.42857142857142855,11,-0.6857142857142857,19,-0.36666666666666664,15,-0.5714285714285714,11,-0.6944444444444444,15,-0.4827586206896552,18,-0.4,16,-0.4838709677419355,16,-0.4482758620689655,16,-0.5151515151515151,16,-0.42857142857142855,13,-0.5,14,-0.5757575757575758,13,-0.5666666666666667
2020-04-03,2020-04,Fri,14 2020,19,-0.5365853658536586,18,-0.5135135135135135,16,-0.6,14,-0.5882352941176471,19,-0.5,17,-0.5,15,-0.5714285714285714,18,-0.3333333333333333,15,-0.6511627906976745,12,-0.6571428571428571,21,-0.43243243243243246,19,-0.45714285714285713,11,-0.6333333333333333,18,-0.4,16,-0.5428571428571428,10,-0.6875,15,-0.5,17,-0.39285714285714285,15,-0.4827586206896552,16,-0.42857142857142855,15,-0.5161290322580645,16,-0.4666666666666667,12,-0.5,13,-0.5806451612903226,13,-0.5517241379310345
2020-04-04,2020-04,Sat,14 2020,13,-0.5,12,-0.45454545454545453,13,-0.5,10,-0.5,13,-0.4583333333333333,13,-0.43478260869565216,15,-0.25,12,-0.2,10,-0.5238095238095238,9,-0.55,16,-0.3333333333333333,13,-0.4090909090909091,8,-0.5555555555555556,12,-0.4,10,-0.5833333333333334,7,-0.6111111111111112,11,-0.42105263157894735,12,-0.3684210526315789,11,-0.47619047619047616,12,-0.3333333333333333,11,-0.3888888888888889,13,-0.2777777777777778,10,-0.2857142857142857,10,-0.375,9,-0.47058823529411764
2020-04-05,2020-04,Sun,14 2020,10,-0.5454545454545454,9,-0.4375,8,-0.5555555555555556,6,-0.6,7,-0.46153846153846156,8,-0.42857142857142855,9,-0.35714285714285715,8,-0.2727272727272727,6,-0.6,5,-0.6428571428571429,12,-0.3333333333333333,10,-0.375,5,-0.6153846153846154,9,-0.25,6,-0.5714285714285714,3,-0.7692307692307693,7,-0.3,8,-0.38461538461538464,6,-0.5,7,-0.3,7,-0.3,8,-0.2,6,-0.4,6,-0.4,5,-0.5
2020-04-06,2020-04,Mon,15 2020,21,-0.4878048780487805,23,-0.41025641025641024,21,-0.5116279069767442,15,-0.5945945945945946,23,-0.43902439024390244,21,-0.38235294117647056,18,-0.5384615384615384,20,-0.23076923076923078,17,-0.5142857142857142,14,-0.5882352941176471,22,-0.42105263157894735,21,-0.43243243243243246,13,-0.6060606060606061,20,-0.3548387096774194,17,-0.46875,12,-0.5555555555555556,16,-0.4666666666666667,19,-0.36666666666666664,17,-0.43333333333333335,17,-0.41379310344827586,20,-0.375,17,-0.39285714285714285,14,-0.44,15,-0.53125,15,-0.4827586206896552
2020-04-07,2020-04,Tue,15 2020,21,-0.5116279069767442,23,-0.41025641025641024,19,-0.5777777777777777,16,-0.6097560975609756,21,-0.4878048780487805,22,-0.4358974358974359,18,-0.5813953488372093,21,-0.3,18,-0.5135135135135135,14,-0.6216216216216216,22,-0.4358974358974359,22,-0.40540540540540543,14,-0.6,20,-0.3548387096774194,17,-0.5142857142857142,12,-0.625,15,-0.5161290322580645,19,-0.36666666666666664,17,-0.43333333333333335,18,-0.3793103448275862,19,-0.42424242424242425,18,-0.3793103448275862,15,-0.4230769230769231,17,-0.48484848484848486,16,-0.4666666666666667
2020-04-08,2020-04,Wed,15 2020,21,-0.5,23,-0.41025641025641024,21,-0.5333333333333333,17,-0.5853658536585366,22,-0.47619047619047616,23,-0.43902439024390244,19,-0.5476190476190477,21,-0.25,18,-0.5135135135135135,14,-0.6410256410256411,22,-0.42105263157894735,21,-0.4,15,-0.5833333333333334,20,-0.3333333333333333,17,-0.5405405405405406,13,-0.6388888888888888,15,-0.5,20,-0.3333333333333333,16,-0.4666666666666667,17,-0.43333333333333335,20,-0.3939393939393939,17,-0.37037037037037035,16,-0.38461538461538464,15,-0.5454545454545454,15,-0.4827586206896552
2020-04-09,2020-04,Thu,15 2020,22,-0.4883720930232558,23,-0.425,21,-0.5333333333333333,17,-0.575,23,-0.4523809523809524,22,-0.45,18,-0.5714285714285714,21,-0.2222222222222222,17,-0.5641025641025641,16,-0.5789473684210527,22,-0.40540540540540543,22,-0.37142857142857144,14,-0.6,20,-0.3333333333333333,17,-0.5142857142857142,13,-0.6388888888888888,16,-0.4482758620689655,19,-0.36666666666666664,17,-0.45161290322580644,20,-0.3103448275862069,19,-0.42424242424242425,18,-0.35714285714285715,15,-0.4230769230769231,17,-0.48484848484848486,15,-0.5
2020-04-10,2020-04,Fri,15 2020,9,-0.7804878048780488,8,-0.7837837837837838,8,-0.8,6,-0.8235294117647058,8,-0.7894736842105263,8,-0.7647058823529411,6,-0.8285714285714286,8,-0.7037037037037037,5,-0.8837209302325582,5,-0.8571428571428571,12,-0.6756756756756757,9,-0.7428571428571429,5,-0.8333333333333334,9,-0.7,6,-0.8285714285714286,3,-0.90625,7,-0.7666666666666667,7,-0.75,6,-0.7931034482758621,6,-0.7857142857142857,7,-0.7741935483870968,8,-0.7333333333333333,6,-0.75,6,-0.8064516129032258,5,-0.8275862068965517
2020-04-11,2020-04,Sat,15 2020,14,-0.46153846153846156,13,-0.4090909090909091,16,-0.38461538461538464,11,-0.45,14,-0.4166666666666667,14,-0.391304347826087,12,-0.4,14,-0.06666666666666667,12,-0.42857142857142855,11,-0.45,16,-0.3333333333333333,15,-0.3181818181818182,10,-0.4444444444444444,13,-0.35,12,-0.5,8,-0.5555555555555556,13,-0.3157894736842105,13,-0.3157894736842105,12,-0.42857142857142855,12,-0.3333333333333333,12,-0.3333333333333333,14,-0.2222222222222222,12,-0.14285714285714285,11,-0.3125,10,-0.4117647058823529
2020-04-12,2020-04,Sun,15 2020,10,-0.5454545454545454,10,-0.375,8,-0.5555555555555556,6,-0.6,8,-0.38461538461538464,8,-0.42857142857142855,6,-0.5714285714285714,7,-0.36363636363636365,6,-0.6,5,-0.6428571428571429,11,-0.3888888888888889,11,-0.3125,5,-0.6153846153846154,10,-0.16666666666666666,6,-0.5714285714285714,3,-0.7692307692307693,7,-0.3,7,-0.46153846153846156,7,-0.4166666666666667,7,-0.3,7,-0.3,8,-0.2,6,-0.4,6,-0.4,5,-0.5
2020-04-13,2020-04,Mon,16 2020,8,-0.8048780487804879,7,-0.8205128205128205,7,-0.8372093023255814,6,-0.8378378378378378,7,-0.8292682926829268,8,-0.7647058823529411,6,-0.8461538461538461,7,-0.7307692307692307,5,-0.8571428571428571,4,-0.8823529411764706,12,-0.6842105263157895,8,-0.7837837837837838,4,-0.8787878787878788,8,-0.7419354838709677,6,-0.8125,2,-0.9259259259259259,6,-0.8,7,-0.7666666666666667,6,-0.8,6,-0.7931034482758621,6,-0.8125,7,-0.75,5,-0.8,5,-0.84375,4,-0.8620689655172413
2020-04-14,2020-04,Tue,16 2020,22,-0.4883720930232558,23,-0.41025641025641024,21,-0.5333333333333333,16,-0.6097560975609756,22,-0.4634146341463415,22,-0.4358974358974359,17,-0.6046511627906976,21,-0.3,17,-0.5405405405405406,15,-0.5945945945945946,22,-0.4358974358974359,21,-0.43243243243243246,13,-0.6285714285714286,20,-0.3548387096774194,18,-0.4857142857142857,13,-0.59375,16,-0.4838709677419355,18,-0.4,17,-0.43333333333333335,17,-0.41379310344827586,18,-0.45454545454545453,18,-0.3793103448275862,15,-0.4230769230769231,15,-0.5454545454545454,14,-0.5333333333333333
2020-04-15,2020-04,Wed,16 2020,22,-0.47619047619047616,23,-0.41025641025641024,21,-0.5333333333333333,16,-0.6097560975609756,22,-0.47619047619047616,23,-0.43902439024390244,16,-0.6190476190476191,20,-0.2857142857142857,19,-0.4864864864864865,14,-0.6410256410256411,26,-0.3157894736842105,21,-0.4,12,-0.6666666666666666,20,-0.3333333333333333,17,-0.5405405405405406,13,-0.6388888888888888,16,-0.4666666666666667,17,-0.43333333333333335,16,-0.4666666666666667,17,-0.43333333333333335,17,-0.48484848484848486,17,-0.37037037037037035,15,-0.4230769230769231,16,-0.5151515151515151,15,-0.4827586206896552
2020-04-16,2020-04,Thu,16 2020,24,-0.4418604651162791,24,-0.4,21,-0.5333333333333333,16,-0.6,22,-0.47619047619047616,23,-0.425,17,-0.5952380952380952,20,-0.25925925925925924,18,-0.5384615384615384,17,-0.5526315789473685,26,-0.2972972972972973,22,-0.37142857142857144,13,-0.6285714285714286,22,-0.26666666666666666,16,-0.5428571428571428,12,-0.6666666666666666,16,-0.4482758620689655,17,-0.43333333333333335,17,-0.45161290322580644,18,-0.3793103448275862,18,-0.45454545454545453,18,-0.35714285714285715,15,-0.4230769230769231,16,-0.5151515151515151,15,-0.5
2020-04-17,2020-04,Fri,16 2020,22,-0.4634146341463415,22,-0.40540540540540543,19,-0.525,15,-0.5588235294117647,21,-0.4473684210526316,20,-0.4117647058823529,16,-0.5428571428571428,21,-0.2222222222222222,20,-0.5348837209302325,15,-0.5714285714285714,25,-0.32432432432432434,21,-0.4,14,-0.5333333333333333,20,-0.3333333333333333,16,-0.5428571428571428,13,-0.59375,16,-0.4666666666666667,18,-0.35714285714285715,16,-0.4482758620689655,18,-0.35714285714285715,18,-0.41935483870967744,18,-0.4,14,-0.4166666666666667,15,-0.5161290322580645,15,-0.4827586206896552
2020-04-18,2020-04,Sat,16 2020,15,-0.4230769230769231,14,-0.36363636363636365,14,-0.46153846153846156,11,-0.45,14,-0.4166666666666667,14,-0.391304347826087,11,-0.45,13,-0.13333333333333333,11,-0.47619047619047616,10,-0.5,17,-0.2916666666666667,15,-0.3181818181818182,9,-0.5,14,-0.3,11,-0.5416666666666666,8,-0.5555555555555556,12,-0.3684210526315789,12,-0.3684210526315789,12,-0.42857142857142855,13,-0.2777777777777778,13,-0.2777777777777778,14,-0.2222222222222222,10,-0.2857142857142857,11,-0.3125,10,-0.4117647058823529
2020-04-19,2020-04,Sun,16 2020,11,-0.5,10,-0.375,8,-0.5555555555555556,7,-0.5333333333333333,8,-0.38461538461538464,9,-0.35714285714285715,6,-0.5714285714285714,8,-0.2727272727272727,6,-0.6,5,-0.6428571428571429,12,-0.3333333333333333,11,-0.3125,5,-0.6153846153846154,10,-0.16666666666666666,7,-0.5,3,-0.7692307692307693,7,-0.3,8,-0.38461538461538464,7,-0.4166666666666667,8,-0.2,7,-0.3,11,0.1,5,-0.5,6,-0.4,6,-0.4
2020-04-20,2020-04,Mon,17 2020,27,-0.34146341463414637,25,-0.358974358974359,25,-0.4186046511627907,19,-0.4864864864864865,25,-0.3902439024390244,25,-0.2647058823529412,18,-0.5384615384615384,23,-0.11538461538461539,20,-0.42857142857142855,17,-0.5,30,-0.21052631578947367,24,-0.35135135135135137,14,-0.5757575757575758,23,-0.25806451612903225,19,-0.40625,14,-0.48148148148148145,18,-0.4,19,-0.36666666666666664,20,-0.3333333333333333,19,-0.3448275862068966,19,-0.40625,19,-0.32142857142857145,16,-0.36,18,-0.4375,18,-0.3793103448275862
2020-04-21,2020-04,Tue,17 2020,29,-0.32558139534883723,28,-0.28205128205128205,23,-0.4888888888888889,19,-0.5365853658536586,24,-0.4146341463414634,26,-0.3333333333333333,18,-0.5813953488372093,24,-0.2,18,-0.5135135135135135,22,-0.40540540540540543,30,-0.23076923076923078,24,-0.35135135135135137,17,-0.5142857142857142,23,-0.25806451612903225,18,-0.4857142857142857,18,-0.4375,18,-0.41935483870967744,19,-0.36666666666666664,20,-0.3333333333333333,19,-0.3448275862068966,20,-0.3939393939393939,22,-0.2413793103448276,19,-0.2692307692307692,18,-0.45454545454545453,18,-0.4
2020-04-22,2020-04,Wed,17 2020,27,-0.35714285714285715,28,-0.28205128205128205,25,-0.4444444444444444,20,-0.5121951219512195,23,-0.4523809523809524,27,-0.34146341463414637,23,-0.4523809523809524,22,-0.21428571428571427,18,-0.5135135135135135,20,-0.48717948717948717,29,-0.23684210526315788,23,-0.34285714285714286,16,-0.5555555555555556,23,-0.23333333333333334,19,-0.4864864864864865,15,-0.5833333333333334,18,-0.4,20,-0.3333333333333333,20,-0.3333333333333333,18,-0.4,24,-0.2727272727272727,23,-0.14814814814814814,16,-0.38461538461538464,17,-0.48484848484848486,17,-0.41379310344827586
2020-04-23,2020-04,Thu,17 2020,27,-0.37209302325581395,29,-0.275,24,-0.4666666666666667,20,-0.5,24,-0.42857142857142855,28,-0.3,20,-0.5238095238095238,22,-0.18518518518518517,18,-0.5384615384615384,17,-0.5526315789473685,28,-0.24324324324324326,24,-0.3142857142857143,16,-0.5428571428571428,23,-0.23333333333333334,19,-0.45714285714285713,16,-0.5555555555555556,18,-0.3793103448275862,19,-0.36666666666666664,19,-0.3870967741935484,18,-0.3793103448275862,20,-0.3939393939393939,21,-0.25,18,-0.3076923076923077,20,-0.3939393939393939,17,-0.43333333333333335
2020-04-24,2020-04,Fri,17 2020,25,-0.3902439024390244,26,-0.2972972972972973,23,-0.425,17,-0.5,23,-0.39473684210526316,24,-0.29411764705882354,18,-0.4857142857142857,22,-0.18518518518518517,18,-0.5813953488372093,16,-0.5428571428571428,29,-0.21621621621621623,23,-0.34285714285714286,16,-0.4666666666666667,23,-0.23333333333333334,18,-0.4857142857142857,14,-0.5625,17,-0.43333333333333335,21,-0.25,17,-0.41379310344827586,18,-0.35714285714285715,21,-0.3225806451612903,25,-0.16666666666666666,15,-0.375,17,-0.45161290322580644,16,-0.4482758620689655
2020-04-25,2020-04,Sat,17 2020,16,-0.38461538461538464,16,-0.2727272727272727,16,-0.38461538461538464,12,-0.4,16,-0.3333333333333333,16,-0.30434782608695654,12,-0.4,14,-0.06666666666666667,13,-0.38095238095238093,11,-0.45,18,-0.25,15,-0.3181818181818182,13,-0.2777777777777778,14,-0.3,12,-0.5,10,-0.4444444444444444,13,-0.3157894736842105,14,-0.2631578947368421,13,-0.38095238095238093,13,-0.2777777777777778,12,-0.3333333333333333,15,-0.16666666666666666,11,-0.21428571428571427,11,-0.3125,11,-0.35294117647058826
2020-04-26,2020-04,Sun,17 2020,11,-0.5,12,-0.25,10,-0.4444444444444444,7,-0.5333333333333333,8,-0.38461538461538464,10,-0.2857142857142857,8,-0.42857142857142855,9,-0.18181818181818182,6,-0.6,7,-0.5,12,-0.3333333333333333,11,-0.3125,7,-0.46153846153846156,10,-0.16666666666666666,7,-0.5,5,-0.6153846153846154,8,-0.2,8,-0.38461538461538464,7,-0.4166666666666667,8,-0.2,6,-0.4,9,-0.1,7,-0.3,7,-0.3,6,-0.4
2020-04-27,2020-04,Mon,18 2020,30,-0.2682926829268293,30,-0.23076923076923078,26,-0.3953488372093023,21,-0.43243243243243246,28,-0.3170731707317073,27,-0.20588235294117646,19,-0.5128205128205128,25,-0.038461538461538464,21,-0.4,17,-0.5,31,-0.18421052631578946,24,-0.35135135135135137,21,-0.36363636363636365,24,-0.22580645161290322,19,-0.40625,17,-0.37037037037037035,20,-0.3333333333333333,23,-0.23333333333333334,21,-0.3,19,-0.3448275862068966,20,-0.375,24,-0.14285714285714285,17,-0.32,19,-0.40625,18,-0.3793103448275862
2020-04-28,2020-04,Tue,18 2020,28,-0.3488372093023256,31,-0.20512820512820512,26,-0.4222222222222222,27,-0.34146341463414637,27,-0.34146341463414637,29,-0.2564102564102564,20,-0.5348837209302325,25,-0.16666666666666666,21,-0.43243243243243246,20,-0.4594594594594595,31,-0.20512820512820512,25,-0.32432432432432434,21,-0.4,25,-0.1935483870967742,21,-0.4,18,-0.4375,21,-0.3225806451612903,27,-0.1,20,-0.3333333333333333,20,-0.3103448275862069,21,-0.36363636363636365,23,-0.20689655172413793,18,-0.3076923076923077,22,-0.3333333333333333,20,-0.3333333333333333
2020-04-29,2020-04,Wed,18 2020,28,-0.3333333333333333,31,-0.20512820512820512,27,-0.4,24,-0.4146341463414634,27,-0.35714285714285715,27,-0.34146341463414637,21,-0.5,24,-0.14285714285714285,21,-0.43243243243243246,20,-0.48717948717948717,31,-0.18421052631578946,25,-0.2857142857142857,24,-0.3333333333333333,24,-0.2,22,-0.40540540540540543,24,-0.3333333333333333,21,-0.3,27,-0.1,21,-0.3,21,-0.3,21,-0.36363636363636365,23,-0.14814814814814814,17,-0.34615384615384615,19,-0.42424242424242425,18,-0.3793103448275862
2020-04-30,2020-04,Thu,18 2020,33,-0.23255813953488372,34,-0.15,30,-0.3333333333333333,24,-0.4,31,-0.2619047619047619,30,-0.25,30,-0.2857142857142857,28,0.037037037037037035,25,-0.358974358974359,25,-0.34210526315789475,35,-0.05405405405405406,26,-0.2571428571428571,27,-0.22857142857142856,26,-0.13333333333333333,23,-0.34285714285714286,19,-0.4722222222222222,22,-0.2413793103448276,27,-0.1,26,-0.16129032258064516,23,-0.20689655172413793,24,-0.2727272727272727,26,-0.07142857142857142,21,-0.19230769230769232,21,-0.36363636363636365,21,-0.3
2020-05-01,2020-05,Fri,18 2020,11,-0.7317073170731707,10,-0.7297297297297297,9,-0.775,7,-0.7941176470588235,9,-0.7631578947368421,10,-0.7058823529411765,7,-0.8,8,-0.7037037037037037,7,-0.8372093023255814,7,-0.8,15,-0.5945945945945946,12,-0.6571428571428571,6,-0.8,10,-0.6666666666666666,7,-0.8,7,-0.78125,7,-0.7666666666666667,9,-0.6785714285714286,7,-0.7586206896551724,7,-0.75,7,-0.7741935483870968,10,-0.6666666666666666,6,-0.75,7,-0.7741935483870968,6,-0.7931034482758621
2020-05-02,2020-05,Sat,18 2020,18,-0.3076923076923077,18,-0.18181818181818182,23,-0.11538461538461539,16,-0.2,20,-0.16666666666666666,18,-0.21739130434782608,15,-0.25,17,0.13333333333333333,16,-0.23809523809523808,15,-0.25,22,-0.08333333333333333,18,-0.18181818181818182,15,-0.16666666666666666,17,-0.15,15,-0.375,12,-0.3333333333333333,16,-0.15789473684210525,17,-0.10526315789473684,16,-0.23809523809523808,16,-0.1111111111111111,15,-0.16666666666666666,18,0.0,14,0.0,14,-0.125,15,-0.11764705882352941
2020-05-03,2020-05,Sun,18 2020,11,-0.5,11,-0.3125,11,-0.3888888888888889,7,-0.5333333333333333,9,-0.3076923076923077,12,-0.14285714285714285,9,-0.35714285714285715,8,-0.2727272727272727,7,-0.5333333333333333,7,-0.5,14,-0.2222222222222222,11,-0.3125,7,-0.46153846153846156,10,-0.16666666666666666,8,-0.42857142857142855,6,-0.5384615384615384,8,-0.2,10,-0.23076923076923078,7,-0.4166666666666667,8,-0.2,6,-0.4,10,0.0,7,-0.3,8,-0.2,7,-0.3
2020-05-04,2020-05,Mon,19 2020,33,-0.1951219512195122,31,-0.20512820512820512,29,-0.32558139534883723,23,-0.3783783783783784,31,-0.24390243902439024,30,-0.11764705882352941,22,-0.4358974358974359,28,0.07692307692307693,24,-0.3142857142857143,20,-0.4117647058823529,33,-0.13157894736842105,30,-0.1891891891891892,22,-0.3333333333333333,27,-0.12903225806451613,23,-0.28125,20,-0.25925925925925924,23,-0.23333333333333334,28,-0.06666666666666667,23,-0.23333333333333334,22,-0.2413793103448276,24,-0.25,28,0.0,19,-0.24,21,-0.34375,20,-0.3103448275862069
2020-05-05,2020-05,Tue,19 2020,32,-0.2558139534883721,31,-0.20512820512820512,28,-0.37777777777777777,23,-0.43902439024390244,29,-0.2926829268292683,28,-0.28205128205128205,23,-0.46511627906976744,27,-0.1,27,-0.2702702702702703,20,-0.4594594594594595,32,-0.1794871794871795,28,-0.24324324324324326,21,-0.4,26,-0.16129032258064516,24,-0.3142857142857143,20,-0.375,21,-0.3225806451612903,23,-0.23333333333333334,23,-0.23333333333333334,21,-0.27586206896551724,25,-0.24242424242424243,29,0.0,19,-0.2692307692307692,21,-0.36363636363636365,19,-0.36666666666666664
2020-05-06,2020-05,Wed,19 2020,30,-0.2857142857142857,31,-0.20512820512820512,28,-0.37777777777777777,24,-0.4146341463414634,30,-0.2857142857142857,30,-0.2682926829268293,23,-0.4523809523809524,26,-0.07142857142857142,24,-0.35135135135135137,21,-0.46153846153846156,33,-0.13157894736842105,27,-0.22857142857142856,21,-0.4166666666666667,25,-0.16666666666666666,22,-0.40540540540540543,20,-0.4444444444444444,21,-0.3,25,-0.16666666666666666,22,-0.26666666666666666,21,-0.3,22,-0.3333333333333333,24,-0.1111111111111111,19,-0.2692307692307692,20,-0.3939393939393939,20,-0.3103448275862069
2020-05-07,2020-05,Thu,19 2020,29,-0.32558139534883723,32,-0.2,30,-0.3333333333333333,24,-0.4,31,-0.2619047619047619,31,-0.225,23,-0.4523809523809524,28,0.037037037037037035,22,-0.4358974358974359,20,-0.47368421052631576,31,-0.16216216216216217,27,-0.22857142857142856,21,-0.4,26,-0.13333333333333333,21,-0.4,19,-0.4722222222222222,20,-0.3103448275862069,25,-0.16666666666666666,22,-0.2903225806451613,20,-0.3103448275862069,27,-0.18181818181818182,25,-0.10714285714285714,18,-0.3076923076923077,19,-0.42424242424242425,19,-0.36666666666666664
2020-05-08,2020-05,Fri,19 2020,28,-0.3170731707317073,14,-0.6216216216216216,27,-0.325,22,-0.35294117647058826,28,-0.2631578947368421,28,-0.17647058823529413,21,-0.4,27,0.0,22,-0.4883720930232558,20,-0.42857142857142855,32,-0.13513513513513514,28,-0.2,19,-0.36666666666666664,26,-0.13333333333333333,22,-0.37142857142857144,18,-0.4375,21,-0.3,24,-0.14285714285714285,22,-0.2413793103448276,21,-0.25,22,-0.2903225806451613,24,-0.2,19,-0.20833333333333334,20,-0.3548387096774194,20,-0.3103448275862069
2020-05-09,2020-05,Sat,19 2020,23,-0.11538461538461539,21,-0.045454545454545456,21,-0.19230769230769232,14,-0.3,19,-0.20833333333333334,20,-0.13043478260869565,15,-0.25,17,0.13333333333333333,14,-0.3333333333333333,14,-0.3,21,-0.125,18,-0.18181818181818182,13,-0.2777777777777778,17,-0.15,14,-0.4166666666666667,12,-0.3333333333333333,15,-0.21052631578947367,16,-0.15789473684210525,16,-0.23809523809523808,16,-0.1111111111111111,15,-0.16666666666666666,16,-0.1111111111111111,15,0.07142857142857142,14,-0.125,12,-0.29411764705882354
2020-05-10,2020-05,Sun,19 2020,17,-0.22727272727272727,17,0.0625,13,-0.2777777777777778,9,-0.4,10,-0.23076923076923078,12,-0.14285714285714285,8,-0.42857142857142855,9,-0.18181818181818182,11,-0.26666666666666666,7,-0.5,16,-0.1111111111111111,12,-0.25,7,-0.46153846153846156,12,0.0,8,-0.42857142857142855,7,-0.46153846153846156,9,-0.1,10,-0.23076923076923078,13,0.08333333333333333,8,-0.2,8,-0.2,8,-0.2,7,-0.3,8,-0.2,7,-0.3
2020-05-11,2020-05,Mon,20 2020,29,-0.2926829268292683,35,-0.10256410256410256,28,-0.3488372093023256,27,-0.2702702702702703,34,-0.17073170731707318,30,-0.11764705882352941,23,-0.41025641025641024,28,0.07692307692307693,36,0.02857142857142857,21,-0.38235294117647056,35,-0.07894736842105263,30,-0.1891891891891892,20,-0.3939393939393939,28,-0.0967741935483871,23,-0.28125,24,-0.1111111111111111,25,-0.16666666666666666,23,-0.23333333333333334,24,-0.2,22,-0.2413793103448276,25,-0.21875,23,-0.17857142857142858,22,-0.12,21,-0.34375,19,-0.3448275862068966
2020-05-12,2020-05,Tue,20 2020,32,-0.2558139534883721,32,-0.1794871794871795,30,-0.3333333333333333,27,-0.34146341463414637,31,-0.24390243902439024,31,-0.20512820512820512,23,-0.46511627906976744,31,0.03333333333333333,37,0.0,22,-0.40540540540540543,33,-0.15384615384615385,28,-0.24324324324324326,20,-0.42857142857142855,27,-0.12903225806451613,23,-0.34285714285714286,22,-0.3125,24,-0.22580645161290322,23,-0.23333333333333334,24,-0.2,23,-0.20689655172413793,25,-0.24242424242424243,26,-0.10344827586206896,19,-0.2692307692307692,21,-0.36363636363636365,22,-0.26666666666666666
2020-05-13,2020-05,Wed,20 2020,31,-0.2619047619047619,31,-0.20512820512820512,29,-0.35555555555555557,28,-0.3170731707317073,31,-0.2619047619047619,29,-0.2926829268292683,24,-0.42857142857142855,28,0.0,28,-0.24324324324324326,20,-0.48717948717948717,32,-0.15789473684210525,28,-0.2,21,-0.4166666666666667,26,-0.13333333333333333,24,-0.35135135135135137,20,-0.4444444444444444,25,-0.16666666666666666,27,-0.1,22,-0.26666666666666666,22,-0.26666666666666666,24,-0.2727272727272727,23,-0.14814814814814814,20,-0.23076923076923078,20,-0.3939393939393939,23,-0.20689655172413793
2020-05-14,2020-05,Thu,20 2020,34,-0.20930232558139536,36,-0.1,30,-0.3333333333333333,27,-0.325,32,-0.23809523809523808,31,-0.225,23,-0.4523809523809524,29,0.07407407407407407,34,-0.1282051282051282,23,-0.39473684210526316,31,-0.16216216216216217,29,-0.17142857142857143,22,-0.37142857142857144,27,-0.1,21,-0.4,20,-0.4444444444444444,23,-0.20689655172413793,28,-0.06666666666666667,23,-0.25806451612903225,24,-0.1724137931034483,24,-0.2727272727272727,24,-0.14285714285714285,22,-0.15384615384615385,21,-0.36363636363636365,23,-0.23333333333333334
2020-05-15,2020-05,Fri,20 2020,33,-0.1951219512195122,35,-0.05405405405405406,32,-0.2,24,-0.29411764705882354,33,-0.13157894736842105,28,-0.17647058823529413,23,-0.34285714285714286,31,0.14814814814814814,31,-0.27906976744186046,23,-0.34285714285714286,32,-0.13513513513513514,31,-0.11428571428571428,21,-0.3,27,-0.1,23,-0.34285714285714286,19,-0.40625,23,-0.23333333333333334,22,-0.21428571428571427,23,-0.20689655172413793,23,-0.17857142857142858,24,-0.22580645161290322,24,-0.2,21,-0.125,24,-0.22580645161290322,21,-0.27586206896551724
2020-05-16,2020-05,Sat,20 2020,19,-0.2692307692307692,19,-0.13636363636363635,22,-0.15384615384615385,15,-0.25,21,-0.125,21,-0.08695652173913043,16,-0.2,17,0.13333333333333333,16,-0.23809523809523808,15,-0.25,20,-0.16666666666666666,18,-0.18181818181818182,13,-0.2777777777777778,16,-0.2,14,-0.4166666666666667,12,-0.3333333333333333,16,-0.15789473684210525,14,-0.2631578947368421,18,-0.14285714285714285,15,-0.16666666666666666,16,-0.1111111111111111,16,-0.1111111111111111,14,0.0,15,-0.0625,13,-0.23529411764705882
2020-05-17,2020-05,Sun,20 2020,13,-0.4090909090909091,14,-0.125,15,-0.16666666666666666,11,-0.26666666666666666,11,-0.15384615384615385,12,-0.14285714285714285,10,-0.2857142857142857,10,-0.09090909090909091,8,-0.4666666666666667,8,-0.42857142857142855,13,-0.2777777777777778,14,-0.125,8,-0.38461538461538464,11,-0.08333333333333333,7,-0.5,7,-0.46153846153846156,9,-0.1,10,-0.23076923076923078,9,-0.25,8,-0.2,7,-0.3,9,-0.1,7,-0.3,9,-0.1,8,-0.2
2020-05-18,2020-05,Mon,21 2020,34,-0.17073170731707318,33,-0.15384615384615385,34,-0.20930232558139536,30,-0.1891891891891892,34,-0.17073170731707318,31,-0.08823529411764706,24,-0.38461538461538464,35,0.34615384615384615,32,-0.08571428571428572,23,-0.3235294117647059,38,0.0,33,-0.10810810810810811,21,-0.36363636363636365,32,0.03225806451612903,25,-0.21875,20,-0.25925925925925924,29,-0.03333333333333333,23,-0.23333333333333334,24,-0.2,23,-0.20689655172413793,25,-0.21875,24,-0.14285714285714285,21,-0.16,21,-0.34375,24,-0.1724137931034483
2020-05-19,2020-05,Tue,21 2020,33,-0.23255813953488372,34,-0.1282051282051282,35,-0.2222222222222222,29,-0.2926829268292683,34,-0.17073170731707318,37,-0.05128205128205128,25,-0.4186046511627907,34,0.13333333333333333,33,-0.10810810810810811,24,-0.35135135135135137,35,-0.10256410256410256,33,-0.10810810810810811,21,-0.4,34,0.0967741935483871,30,-0.14285714285714285,22,-0.3125,24,-0.22580645161290322,23,-0.23333333333333334,30,0.0,24,-0.1724137931034483,25,-0.24242424242424243,25,-0.13793103448275862,23,-0.11538461538461539,25,-0.24242424242424243,25,-0.16666666666666666
2020-05-20,2020-05,Wed,21 2020,43,0.023809523809523808,42,0.07692307692307693,43,-0.044444444444444446,33,-0.1951219512195122,36,-0.14285714285714285,35,-0.14634146341463414,25,-0.40476190476190477,38,0.35714285714285715,40,0.08108108108108109,28,-0.28205128205128205,41,0.07894736842105263,43,0.22857142857142856,23,-0.3611111111111111,33,0.1,32,-0.13513513513513514,25,-0.3055555555555556,25,-0.16666666666666666,24,-0.2,25,-0.16666666666666666,25,-0.16666666666666666,26,-0.21212121212121213,26,-0.037037037037037035,23,-0.11538461538461539,26,-0.21212121212121213,27,-0.06896551724137931
2020-05-21,2020-05,Thu,21 2020,13,-0.6976744186046512,15,-0.625,18,-0.6,9,-0.775,12,-0.7142857142857143,12,-0.7,9,-0.7857142857142857,10,-0.6296296296296297,7,-0.8205128205128205,8,-0.7894736842105263,15,-0.5945945945945946,12,-0.6571428571428571,8,-0.7714285714285715,11,-0.6333333333333333,10,-0.7142857142857143,7,-0.8055555555555556,8,-0.7241379310344828,9,-0.7,9,-0.7096774193548387,8,-0.7241379310344828,13,-0.6060606060606061,8,-0.7142857142857143,7,-0.7307692307692307,8,-0.7575757575757576,8,-0.7333333333333333
2020-05-22,2020-05,Fri,21 2020,26,-0.36585365853658536,23,-0.3783783783783784,37,-0.075,23,-0.3235294117647059,31,-0.18421052631578946,26,-0.23529411764705882,23,-0.34285714285714286,30,0.1111111111111111,25,-0.4186046511627907,19,-0.45714285714285713,32,-0.13513513513513514,26,-0.2571428571428571,18,-0.4,23,-0.23333333333333334,25,-0.2857142857142857,19,-0.40625,26,-0.13333333333333333,21,-0.25,25,-0.13793103448275862,23,-0.17857142857142858,30,-0.03225806451612903,24,-0.2,21,-0.125,19,-0.3870967741935484,20,-0.3103448275862069
2020-05-23,2020-05,Sat,21 2020,19,-0.2692307692307692,18,-0.18181818181818182,23,-0.11538461538461539,16,-0.2,20,-0.16666666666666666,18,-0.21739130434782608,17,-0.15,18,0.2,15,-0.2857142857142857,15,-0.25,22,-0.08333333333333333,17,-0.22727272727272727,13,-0.2777777777777778,17,-0.15,18,-0.25,14,-0.2222222222222222,18,-0.05263157894736842,15,-0.21052631578947367,19,-0.09523809523809523,15,-0.16666666666666666,18,0.0,16,-0.1111111111111111,13,-0.07142857142857142,13,-0.1875,13,-0.23529411764705882
2020-05-24,2020-05,Sun,21 2020,18,-0.18181818181818182,13,-0.1875,14,-0.2222222222222222,8,-0.4666666666666667,10,-0.23076923076923078,14,0.0,9,-0.35714285714285715,9,-0.18181818181818182,16,0.06666666666666667,11,-0.21428571428571427,15,-0.16666666666666666,12,-0.25,7,-0.46153846153846156,10,-0.16666666666666666,8,-0.42857142857142855,10,-0.23076923076923078,8,-0.2,10,-0.23076923076923078,9,-0.25,8,-0.2,8,-0.2,8,-0.2,13,0.3,9,-0.1,7,-0.3
2020-05-25,2020-05,Mon,22 2020,34,-0.17073170731707318,35,-0.10256410256410256,31,-0.27906976744186046,27,-0.2702702702702703,33,-0.1951219512195122,28,-0.17647058823529413,23,-0.41025641025641024,33,0.2692307692307692,33,-0.05714285714285714,22,-0.35294117647058826,37,-0.02631578947368421,34,-0.08108108108108109,18,-0.45454545454545453,30,-0.03225806451612903,29,-0.09375,20,-0.25925925925925924,26,-0.13333333333333333,24,-0.2,24,-0.2,25,-0.13793103448275862,25,-0.21875,26,-0.07142857142857142,20,-0.2,23,-0.28125,22,-0.2413793103448276
2020-05-26,2020-05,Tue,22 2020,36,-0.16279069767441862,35,-0.10256410256410256,32,-0.28888888888888886,31,-0.24390243902439024,34,-0.17073170731707318,32,-0.1794871794871795,31,-0.27906976744186046,31,0.03333333333333333,33,-0.10810810810810811,23,-0.3783783783783784,34,-0.1282051282051282,34,-0.08108108108108109,21,-0.4,31,0.0,30,-0.14285714285714285,22,-0.3125,25,-0.1935483870967742,28,-0.06666666666666667,31,0.03333333333333333,23,-0.20689655172413793,24,-0.2727272727272727,27,-0.06896551724137931,23,-0.11538461538461539,26,-0.21212121212121213,27,-0.1
2020-05-27,2020-05,Wed,22 2020,35,-0.16666666666666666,36,-0.07692307692307693,36,-0.2,29,-0.2926829268292683,32,-0.23809523809523808,33,-0.1951219512195122,25,-0.40476190476190477,30,0.07142857142857142,34,-0.08108108108108109,26,-0.3333333333333333,35,-0.07894736842105263,32,-0.08571428571428572,21,-0.4166666666666667,31,0.03333333333333333,29,-0.21621621621621623,22,-0.3888888888888889,25,-0.16666666666666666,23,-0.23333333333333334,29,-0.03333333333333333,23,-0.23333333333333334,25,-0.24242424242424243,25,-0.07407407407407407,22,-0.15384615384615385,24,-0.2727272727272727,25,-0.13793103448275862
2020-05-28,2020-05,Thu,22 2020,39,-0.09302325581395349,38,-0.05,35,-0.2222222222222222,30,-0.25,40,-0.047619047619047616,36,-0.1,33,-0.21428571428571427,38,0.4074074074074074,30,-0.23076923076923078,26,-0.3157894736842105,36,-0.02702702702702703,35,0.0,25,-0.2857142857142857,32,0.06666666666666667,29,-0.17142857142857143,26,-0.2777777777777778,26,-0.10344827586206896,23,-0.23333333333333334,27,-0.12903225806451613,33,0.13793103448275862,28,-0.15151515151515152,27,-0.03571428571428571,25,-0.038461538461538464,29,-0.12121212121212122,29,-0.03333333333333333
2020-05-29,2020-05,Fri,22 2020,46,0.12195121951219512,39,0.05405405405405406,34,-0.15,29,-0.14705882352941177,37,-0.02631578947368421,36,0.058823529411764705,25,-0.2857142857142857,37,0.37037037037037035,37,-0.13953488372093023,29,-0.17142857142857143,45,0.21621621621621623,33,-0.05714285714285714,21,-0.3,31,0.03333333333333333,31,-0.11428571428571428,25,-0.21875,25,-0.16666666666666666,28,0.0,26,-0.10344827586206896,32,0.14285714285714285,28,-0.0967741935483871,33,0.1,26,0.08333333333333333,31,0.0,29,0.0
2020-05-30,2020-05,Sat,22 2020,23,-0.11538461538461539,21,-0.045454545454545456,27,0.038461538461538464,16,-0.2,22,-0.08333333333333333,24,0.043478260869565216,17,-0.15,20,0.3333333333333333,19,-0.09523809523809523,16,-0.2,26,0.08333333333333333,18,-0.18181818181818182,14,-0.2222222222222222,18,-0.1,20,-0.16666666666666666,15,-0.16666666666666666,16,-0.15789473684210525,16,-0.15789473684210525,22,0.047619047619047616,15,-0.16666666666666666,15,-0.16666666666666666,18,0.0,14,0.0,15,-0.0625,15,-0.11764705882352941
2020-05-31,2020-05,Sun,22 2020,13,-0.4090909090909091,14,-0.125,18,0.0,8,-0.4666666666666667,10,-0.23076923076923078,16,0.14285714285714285,11,-0.21428571428571427,10,-0.09090909090909091,7,-0.5333333333333333,9,-0.35714285714285715,18,0.0,12,-0.25,8,-0.38461538461538464,12,0.0,10,-0.2857142857142857,8,-0.38461538461538464,8,-0.2,9,-0.3076923076923077,10,-0.16666666666666666,8,-0.2,8,-0.2,9,-0.1,8,-0.2,8,-0.2,8,-0.2
2020-06-01,2020-06,Mon,23 2020,17,-0.5853658536585366,17,-0.5641025641025641,25,-0.4186046511627907,11,-0.7027027027027027,10,-0.7560975609756098,12,-0.6470588235294118,9,-0.7692307692307693,10,-0.6153846153846154,6,-0.8285714285714286,8,-0.7647058823529411,23,-0.39473684210526316,14,-0.6216216216216216,7,-0.7878787878787878,11,-0.6451612903225806,10,-0.6875,10,-0.6296296296296297,7,-0.7666666666666667,9,-0.7,9,-0.7,8,-0.7241379310344828,9,-0.71875,8,-0.7142857142857143,6,-0.76,8,-0.75,8,-0.7241379310344828
2020-06-02,2020-06,Tue,23 2020,48,0.11627906976744186,43,0.10256410256410256,37,-0.17777777777777778,30,-0.2682926829268293,37,-0.0975609756097561,37,-0.05128205128205128,29,-0.32558139534883723,36,0.2,40,0.08108108108108109,24,-0.35135135135135137,50,0.28205128205128205,36,-0.02702702702702703,21,-0.4,33,0.06451612903225806,34,-0.02857142857142857,28,-0.125,24,-0.22580645161290322,27,-0.1,27,-0.1,23,-0.20689655172413793,38,0.15151515151515152,27,-0.06896551724137931,26,0.0,24,-0.2727272727272727,25,-0.16666666666666666
2020-06-03,2020-06,Wed,23 2020,42,0.0,39,0.0,34,-0.24444444444444444,31,-0.24390243902439024,32,-0.23809523809523808,35,-0.14634146341463414,24,-0.42857142857142855,34,0.21428571428571427,31,-0.16216216216216217,24,-0.38461538461538464,41,0.07894736842105263,33,-0.05714285714285714,22,-0.3888888888888889,36,0.2,33,-0.10810810810810811,24,-0.3333333333333333,28,-0.06666666666666667,27,-0.1,26,-0.13333333333333333,24,-0.2,28,-0.15151515151515152,27,0.0,21,-0.19230769230769232,25,-0.24242424242424243,26,-0.10344827586206896
2020-06-04,2020-06,Thu,23 2020,39,-0.09302325581395349,41,0.025,40,-0.1111111111111111,31,-0.225,36,-0.14285714285714285,35,-0.125,28,-0.3333333333333333,36,0.3333333333333333,35,-0.10256410256410256,28,-0.2631578947368421,50,0.35135135135135137,36,0.02857142857142857,26,-0.2571428571428571,32,0.06666666666666667,31,-0.11428571428571428,30,-0.16666666666666666,26,-0.10344827586206896,27,-0.1,31,0.0,28,-0.034482758620689655,29,-0.12121212121212122,31,0.10714285714285714,27,0.038461538461538464,29,-0.12121212121212122,30,0.0
2020-06-05,2020-06,Fri,23 2020,36,-0.12195121951219512,38,0.02702702702702703,45,0.125,25,-0.2647058823529412,33,-0.13157894736842105,35,0.029411764705882353,40,0.14285714285714285,33,0.2222222222222222,32,-0.2558139534883721,27,-0.22857142857142856,43,0.16216216216216217,34,-0.02857142857142857,25,-0.16666666666666666,31,0.03333333333333333,27,-0.22857142857142856,27,-0.15625,24,-0.2,24,-0.14285714285714285,25,-0.13793103448275862,27,-0.03571428571428571,26,-0.16129032258064516,29,-0.03333333333333333,28,0.16666666666666666,30,-0.03225806451612903,28,-0.034482758620689655
2020-06-06,2020-06,Sat,23 2020,26,0.0,23,0.045454545454545456,28,0.07692307692307693,17,-0.15,21,-0.125,24,0.043478260869565216,17,-0.15,20,0.3333333333333333,17,-0.19047619047619047,15,-0.25,24,0.0,19,-0.13636363636363635,17,-0.05555555555555555,17,-0.15,18,-0.25,19,0.05555555555555555,17,-0.10526315789473684,14,-0.2631578947368421,22,0.047619047619047616,17,-0.05555555555555555,17,-0.05555555555555555,17,-0.05555555555555555,14,0.0,15,-0.0625,14,-0.17647058823529413
2020-06-07,2020-06,Sun,23 2020,17,-0.22727272727272727,15,-0.0625,14,-0.2222222222222222,9,-0.4,9,-0.3076923076923077,13,-0.07142857142857142,11,-0.21428571428571427,11,0.0,7,-0.5333333333333333,8,-0.42857142857142855,19,0.05555555555555555,12,-0.25,7,-0.46153846153846156,12,0.0,8,-0.42857142857142855,7,-0.46153846153846156,8,-0.2,8,-0.38461538461538464,10,-0.16666666666666666,9,-0.1,7,-0.3,9,-0.1,7,-0.3,8,-0.2,7,-0.3
2020-06-08,2020-06,Mon,24 2020,34,-0.17073170731707318,36,-0.07692307692307693,34,-0.20930232558139536,25,-0.32432432432432434,32,-0.21951219512195122,35,0.029411764705882353,33,-0.15384615384615385,36,0.38461538461538464,24,-0.3142857142857143,23,-0.3235294117647059,43,0.13157894736842105,34,-0.08108108108108109,20,-0.3939393939393939,34,0.0967741935483871,26,-0.1875,20,-0.25925925925925924,23,-0.23333333333333334,24,-0.2,25,-0.16666666666666666,25,-0.13793103448275862,26,-0.1875,27,-0.03571428571428571,22,-0.12,21,-0.34375,23,-0.20689655172413793
2020-06-09,2020-06,Tue,24 2020,36,-0.16279069767441862,37,-0.05128205128205128,35,-0.2222222222222222,29,-0.2926829268292683,41,0.0,36,-0.07692307692307693,31,-0.27906976744186046,33,0.1,27,-0.2702702702702703,24,-0.35135135135135137,39,0.0,35,-0.05405405405405406,21,-0.4,38,0.22580645161290322,33,-0.05714285714285714,24,-0.25,25,-0.1935483870967742,24,-0.2,27,-0.1,26,-0.10344827586206896,27,-0.18181818181818182,28,-0.034482758620689655,22,-0.15384615384615385,25,-0.24242424242424243,27,-0.1
2020-06-10,2020-06,Wed,24 2020,39,-0.07142857142857142,37,-0.05128205128205128,39,-0.13333333333333333,33,-0.1951219512195122,36,-0.14285714285714285,40,-0.024390243902439025,27,-0.35714285714285715,35,0.25,30,-0.1891891891891892,29,-0.2564102564102564,37,-0.02631578947368421,37,0.05714285714285714,24,-0.3333333333333333,37,0.23333333333333334,29,-0.21621621621621623,31,-0.1388888888888889,29,-0.03333333333333333,26,-0.13333333333333333,29,-0.03333333333333333,27,-0.1,26,-0.21212121212121213,29,0.07407407407407407,24,-0.07692307692307693,27,-0.18181818181818182,30,0.034482758620689655
2020-06-12,2020-06,Fri,24 2020,42,0.024390243902439025,39,0.05405405405405406,37,-0.075,24,-0.29411764705882354,31,-0.18421052631578946,31,-0.08823529411764706,30,-0.14285714285714285,28,0.037037037037037035,29,-0.32558139534883723,23,-0.34285714285714286,42,0.13513513513513514,35,0.0,21,-0.3,33,0.1,29,-0.17142857142857143,27,-0.15625,29,-0.03333333333333333,20,-0.2857142857142857,28,-0.034482758620689655,22,-0.21428571428571427,27,-0.12903225806451613,25,-0.16666666666666666,21,-0.125,20,-0.3548387096774194,22,-0.2413793103448276
2020-06-13,2020-06,Sat,24 2020,28,0.07692307692307693,22,0.0,25,-0.038461538461538464,15,-0.25,19,-0.20833333333333334,21,-0.08695652173913043,17,-0.15,17,0.13333333333333333,20,-0.047619047619047616,15,-0.25,26,0.08333333333333333,20,-0.09090909090909091,14,-0.2222222222222222,18,-0.1,17,-0.2916666666666667,15,-0.16666666666666666,18,-0.05263157894736842,14,-0.2631578947368421,19,-0.09523809523809523,15,-0.16666666666666666,17,-0.05555555555555555,17,-0.05555555555555555,14,0.0,14,-0.125,13,-0.23529411764705882
2020-06-14,2020-06,Sun,24 2020,23,0.045454545454545456,18,0.125,14,-0.2222222222222222,10,-0.3333333333333333,12,-0.07692307692307693,13,-0.07142857142857142,12,-0.14285714285714285,12,0.09090909090909091,20,0.3333333333333333,10,-0.2857142857142857,17,-0.05555555555555555,15,-0.0625,9,-0.3076923076923077,14,0.16666666666666666,10,-0.2857142857142857,15,0.15384615384615385,9,-0.1,9,-0.3076923076923077,10,-0.16666666666666666,13,0.3,12,0.2,17,0.7,9,-0.1,11,0.1,9,-0.1
2020-06-15,2020-06,Mon,25 2020,36,-0.12195121951219512,37,-0.05128205128205128,35,-0.18604651162790697,35,-0.05405405405405406,44,0.07317073170731707,34,0.0,26,-0.3333333333333333,34,0.3076923076923077,28,-0.2,23,-0.3235294117647059,39,0.02631578947368421,34,-0.08108108108108109,22,-0.3333333333333333,33,0.06451612903225806,27,-0.15625,26,-0.037037037037037035,30,0.0,25,-0.16666666666666666,25,-0.16666666666666666,27,-0.06896551724137931,26,-0.1875,31,0.10714285714285714,21,-0.16,22,-0.3125,23,-0.20689655172413793
2020-06-16,2020-06,Tue,25 2020,41,-0.046511627906976744,38,-0.02564102564102564,40,-0.1111111111111111,34,-0.17073170731707318,36,-0.12195121951219512,41,0.05128205128205128,37,-0.13953488372093023,33,0.1,31,-0.16216216216216217,31,-0.16216216216216217,39,0.0,36,-0.02702702702702703,25,-0.2857142857142857,33,0.06451612903225806,30,-0.14285714285714285,27,-0.15625,28,-0.0967741935483871,27,-0.1,26,-0.13333333333333333,26,-0.10344827586206896,31,-0.06060606060606061,30,0.034482758620689655,23,-0.11538461538461539,27,-0.18181818181818182,28,-0.06666666666666667
2020-06-17,2020-06,Wed,25 2020,37,-0.11904761904761904,39,0.0,39,-0.13333333333333333,34,-0.17073170731707318,33,-0.21428571428571427,35,-0.14634146341463414,25,-0.40476190476190477,33,0.17857142857142858,28,-0.24324324324324326,23,-0.41025641025641024,35,-0.07894736842105263,35,0.0,23,-0.3611111111111111,32,0.06666666666666667,33,-0.10810810810810811,29,-0.19444444444444445,27,-0.1,22,-0.26666666666666666,26,-0.13333333333333333,26,-0.13333333333333333,25,-0.24242424242424243,29,0.07407407407407407,23,-0.11538461538461539,28,-0.15151515151515152,25,-0.13793103448275862
2020-06-18,2020-06,Thu,25 2020,44,0.023255813953488372,38,-0.05,35,-0.2222222222222222,39,-0.025,35,-0.16666666666666666,35,-0.125,30,-0.2857142857142857,35,0.2962962962962963,33,-0.15384615384615385,32,-0.15789473684210525,38,0.02702702702702703,42,0.2,25,-0.2857142857142857,34,0.13333333333333333,33,-0.05714285714285714,56,0.5555555555555556,30,0.034482758620689655,25,-0.16666666666666666,26,-0.16129032258064516,28,-0.034482758620689655,28,-0.15151515151515152,32,0.14285714285714285,23,-0.11538461538461539,25,-0.24242424242424243,32,0.06666666666666667
2020-06-19,2020-06,Fri,25 2020,41,0.0,38,0.02702702702702703,35,-0.125,31,-0.08823529411764706,35,-0.07894736842105263,32,-0.058823529411764705,33,-0.05714285714285714,41,0.5185185185185185,36,-0.16279069767441862,27,-0.22857142857142856,50,0.35135135135135137,38,0.08571428571428572,24,-0.2,32,0.06666666666666667,32,-0.08571428571428572,41,0.28125,28,-0.06666666666666667,23,-0.17857142857142858,25,-0.13793103448275862,28,0.0,25,-0.1935483870967742,29,-0.03333333333333333,25,0.041666666666666664,25,-0.1935483870967742,26,-0.10344827586206896
2020-06-20,2020-06,Sat,25 2020,24,-0.07692307692307693,22,0.0,24,-0.07692307692307693,17,-0.15,21,-0.125,23,0.0,20,0.0,20,0.3333333333333333,22,0.047619047619047616,18,-0.1,24,0.0,21,-0.045454545454545456,16,-0.1111111111111111,19,-0.05,18,-0.25,21,0.16666666666666666,17,-0.10526315789473684,21,0.10526315789473684,20,-0.047619047619047616,18,0.0,17,-0.05555555555555555,17,-0.05555555555555555,14,0.0,16,0.0,15,-0.11764705882352941
2020-06-21,2020-06,Sun,25 2020,20,-0.09090909090909091,14,-0.125,17,-0.05555555555555555,10,-0.3333333333333333,11,-0.15384615384615385,15,0.07142857142857142,13,-0.07142857142857142,12,0.09090909090909091,10,-0.3333333333333333,11,-0.21428571428571427,20,0.1111111111111111,15,-0.0625,10,-0.23076923076923078,13,0.08333333333333333,12,-0.14285714285714285,13,0.0,10,0.0,13,0.0,10,-0.16666666666666666,12,0.2,9,-0.1,10,0.0,9,-0.1,9,-0.1,9,-0.1
