date,heating_oil_price_in_usd
19.06.2020,32
18.06.2020,31.66
17.06.2020,31.23
16.06.2020,31.23
15.06.2020,30.04
12.06.2020,29.1
11.06.2020,28.74
10.06.2020,30.99
09.06.2020,30.5
08.06.2020,29.62
05.06.2020,30.4
04.06.2020,28.37
03.06.2020,28.12
02.06.2020,28.85
01.06.2020,27.18
29.05.2020,25.48
28.05.2020,24.45
27.05.2020,25.68
26.05.2020,26.17
22.05.2020,25.94
21.05.2020,26.13
20.05.2020,26.17
19.05.2020,25.72
18.05.2020,26.59
15.05.2020,24.31
14.05.2020,23.64
13.05.2020,21.96
12.05.2020,22.15
11.05.2020,22.95
08.05.2020,23.76
07.05.2020,22.11
06.05.2020,21.77
05.05.2020,23.67
04.05.2020,21.22
01.05.2020,21.03
30.04.2020,19.33
29.04.2020,18.35
28.04.2020,16.66
27.04.2020,16.13
24.04.2020,17.08
23.04.2020,19.4
22.04.2020,19.31
21.04.2020,19.2
20.04.2020,23.45
17.04.2020,25.26
16.04.2020,25
15.04.2020,24.14
14.04.2020,24.94
13.04.2020,26.27
09.04.2020,25.69
08.04.2020,26.7
07.04.2020,27.14
06.04.2020,27.62
03.04.2020,28.28
02.04.2020,26.29
01.04.2020,24.63
31.03.2020,26.74
30.03.2020,26.93
27.03.2020,28.23
26.03.2020,27.75
25.03.2020,29
24.03.2020,28.54
23.03.2020,26.84
20.03.2020,26.58
19.03.2020,27.52
18.03.2020,25.21
17.03.2020,27.36
16.03.2020,27.65
13.03.2020,30.05
12.03.2020,30.64
11.03.2020,32.7
10.03.2020,33.02
09.03.2020,30.72
06.03.2020,36.59
05.03.2020,39.32
04.03.2020,40.5
03.03.2020,40.5
02.03.2020,40.38
28.02.2020,39.38
27.02.2020,39.34
26.02.2020,39.61
25.02.2020,41.44
24.02.2020,42.62
21.02.2020,44.56
20.02.2020,44.85
19.02.2020,45.09
18.02.2020,44.18
14.02.2020,44.86
13.02.2020,44.39
12.02.2020,44.27
11.02.2020,42.97
10.02.2020,42.6
07.02.2020,43.41
06.02.2020,44
05.02.2020,43.47
04.02.2020,41.84
03.02.2020,41.68
31.01.2020,42.91
30.01.2020,43.31
29.01.2020,45
28.01.2020,45.33
27.01.2020,44.37
24.01.2020,45.81
23.01.2020,47.33
22.01.2020,47.56
21.01.2020,48.32
17.01.2020,49.11
16.01.2020,49.14
15.01.2020,49.61
14.01.2020,50.46
13.01.2020,50.14
10.01.2020,50.94
09.01.2020,51.52
08.01.2020,51.73
07.01.2020,53.69
06.01.2020,53.73
03.01.2020,54.46
02.01.2020,53.47
31.12.2019,53.58
30.12.2019,53.91
27.12.2019,54.14
26.12.2019,54.21
24.12.2019,53.79
23.12.2019,53.42
20.12.2019,53.41
19.12.2019,53.61
18.12.2019,53.37
17.12.2019,53.72
16.12.2019,52.95
13.12.2019,52.48
12.12.2019,51.53
11.12.2019,50.95
10.12.2019,51.92
09.12.2019,51.36
06.12.2019,51.57
05.12.2019,51.06
04.12.2019,50.8
03.12.2019,49.66
02.12.2019,49.82
29.11.2019,49.64
27.11.2019,51.42
26.11.2019,51.79
25.11.2019,51.36
22.11.2019,50.97
21.11.2019,51.37
20.11.2019,49.98
19.11.2019,49.07
18.11.2019,50.32
15.11.2019,51.46
14.11.2019,50.67
13.11.2019,50.52
12.11.2019,50.13
11.11.2019,50.57
10.11.2019,50.37
08.11.2019,50.67
07.11.2019,50.73
06.11.2019,50.93
05.11.2019,51.69
04.11.2019,51.26
01.11.2019,51.07
31.10.2019,49.61
30.10.2019,50.55
29.10.2019,51.68
28.10.2019,51.83
25.10.2019,52.3
24.10.2019,52.47
23.10.2019,51.89
22.10.2019,51.35
21.10.2019,51.27
18.10.2019,51.44
17.10.2019,51.46
16.10.2019,51.32
15.10.2019,50.46
14.10.2019,50.59
11.10.2019,51.71
10.10.2019,50.74
09.10.2019,50.7
08.10.2019,50.46
07.10.2019,50.28
04.10.2019,50.05
03.10.2019,49.56
02.10.2019,49.48
01.10.2019,50.15
30.09.2019,50.34
27.09.2019,51.29
26.09.2019,51.65
25.09.2019,51.62
24.09.2019,51.98
23.09.2019,52.76
20.09.2019,52.47
19.09.2019,52.96
18.09.2019,52.13
17.09.2019,52.56
16.09.2019,55.05
13.09.2019,49.61
12.09.2019,49.8
11.09.2019,50.28
10.09.2019,51.02
09.09.2019,50.92
06.09.2019,50.2
05.09.2019,49.89
04.09.2019,49.67
03.09.2019,47.64
30.08.2019,48.3
29.08.2019,49.24
28.08.2019,48.9
27.08.2019,47.97
26.08.2019,47.35
23.08.2019,47.96
22.08.2019,48.64
21.08.2019,49.06
20.08.2019,48.99
19.08.2019,48.43
16.08.2019,47.89
15.08.2019,47.83
14.08.2019,48.71
13.08.2019,49.59
12.08.2019,47.7
09.08.2019,47.76
08.08.2019,46.93
07.08.2019,46.31
06.08.2019,48.18
05.08.2019,48.49
02.08.2019,49.93
01.08.2019,48.95
31.07.2019,51.65
30.07.2019,51.36
29.07.2019,50.47
26.07.2019,50.31
25.07.2019,50.57
24.07.2019,50.42
23.07.2019,50.77
22.07.2019,50.18
19.07.2019,49.92
18.07.2019,49.2
17.07.2019,50
16.07.2019,50.32
15.07.2019,51.56
12.07.2019,52.31
11.07.2019,52.27
10.07.2019,52.6
09.07.2019,50.47
08.07.2019,50.07
05.07.2019,50.32
03.07.2019,50.16
02.07.2019,49.83
01.07.2019,51.61
28.06.2019,51.37
27.06.2019,51.58
26.06.2019,52.08
25.06.2019,50.81
24.06.2019,50.43
21.06.2019,50.61
20.06.2019,49.78
19.06.2019,48.33
18.06.2019,48.29
17.06.2019,47.54
14.06.2019,48.33
13.06.2019,47.73
12.06.2019,47.02
11.06.2019,48.13
10.06.2019,47.72
07.06.2019,48.21
06.06.2019,47.24
05.06.2019,47.02
04.06.2019,48.12
03.06.2019,47.72
31.05.2019,48.66
30.05.2019,50.59
29.05.2019,51.98
28.05.2019,52.64
24.05.2019,52.08
23.05.2019,51.84
22.05.2019,54.13
21.05.2019,54.93
20.05.2019,54.78
17.05.2019,55.36
16.05.2019,56.09
15.05.2019,55.11
14.05.2019,54.39
13.05.2019,53.85
10.05.2019,54.17
09.05.2019,53.99
08.05.2019,54.32
07.05.2019,53.83
06.05.2019,54.62
03.05.2019,54.69
02.05.2019,54.89
01.05.2019,55.32
30.04.2019,54.98
29.04.2019,54.28
26.04.2019,54.19
25.04.2019,55.43
24.04.2019,55.44
23.04.2019,55.95
22.04.2019,55.58
18.04.2019,54.71
17.04.2019,54.66
16.04.2019,55.01
15.04.2019,54.45
12.04.2019,54.7
11.04.2019,54.61
10.04.2019,55.15
09.04.2019,54.02
08.04.2019,54.34
05.04.2019,53.95
04.04.2019,53.19
03.04.2019,53.01
02.04.2019,53.07
01.04.2019,52.52
29.03.2019,52.13
28.03.2019,52.09
27.03.2019,52.32
26.03.2019,52.57
25.03.2019,52.32
22.03.2019,51.93
21.03.2019,52.49
20.03.2019,53.05
19.03.2019,52.58
18.03.2019,52.02
15.03.2019,51.98
14.03.2019,52.44
13.03.2019,52.63
12.03.2019,52.46
08.03.2019,52.83
07.03.2019,53.17
06.03.2019,53.26
05.03.2019,53.27
04.03.2019,53.21
01.03.2019,52.86
28.02.2019,53.46
27.02.2019,53.41
26.02.2019,52.79
25.02.2019,52.16
22.02.2019,53.66
21.02.2019,53.79
20.02.2019,53.32
19.02.2019,52.69
15.02.2019,53.37
14.02.2019,52.08
13.02.2019,51.22
12.02.2019,50.38
11.02.2019,49.99
08.02.2019,50.42
07.02.2019,50.21
06.02.2019,50.51
05.02.2019,50.13
04.02.2019,50.39
01.02.2019,50.53
31.01.2019,49.63
30.01.2019,50.15
29.01.2019,50.13
28.01.2019,48.55
25.01.2019,49.98
24.01.2019,49.81
23.01.2019,49.89
22.01.2019,50.22
18.01.2019,50.62
17.01.2019,49.78
16.01.2019,50.05
15.01.2019,49.46
14.01.2019,48.94
11.01.2019,49.66
10.01.2019,50.35
09.01.2019,49.69
08.01.2019,48.26
07.01.2019,46.98
04.01.2019,46.74
03.01.2019,46.02
02.01.2019,44.93
31.12.2018,44.4
28.12.2018,43.98
27.12.2018,44.34
26.12.2018,45.8
24.12.2018,43.91
21.12.2018,45.77
20.12.2018,46.22
19.12.2018,47.69
18.12.2018,46.33
17.12.2018,48.26
14.12.2018,48.75
13.12.2018,49.57
12.12.2018,48.9
11.12.2018,48.8
10.12.2018,48.72
07.12.2018,49.83
06.12.2018,49.09
05.12.2018,49.89
04.12.2018,50.22
03.12.2018,49.86
30.11.2018,48.75
29.11.2018,48.7
28.11.2018,48.57
27.11.2018,49.82
26.11.2018,50.01
23.11.2018,49.56
21.11.2018,52.05
20.11.2018,52.58
19.11.2018,55.12
16.11.2018,54.78
15.11.2018,54.79
14.11.2018,55.37
13.11.2018,54.49
12.11.2018,56.94
09.11.2018,57.4
08.11.2018,57.28
07.11.2018,59.1
06.11.2018,57.81
05.11.2018,58.02
02.11.2018,57.4
01.11.2018,58.14
31.10.2018,59.75
30.10.2018,59.7
29.10.2018,60.34
26.10.2018,60.84
25.10.2018,60.18
24.10.2018,59.49
23.10.2018,59.4
22.10.2018,61.24
19.10.2018,60.81
18.10.2018,60.62
17.10.2018,61.05
16.10.2018,61.82
15.10.2018,61.44
12.10.2018,61.32
11.10.2018,61.61
10.10.2018,63.27
09.10.2018,64.03
08.10.2018,63.25
05.10.2018,63.2
04.10.2018,63.39
03.10.2018,64.38
02.10.2018,63.6
01.10.2018,63.61
28.09.2018,62.13
27.09.2018,61.37
26.09.2018,60.75
25.09.2018,60.9
24.09.2018,60.39
21.09.2018,58.8
20.09.2018,58.86
19.09.2018,59.35
18.09.2018,59.06
17.09.2018,58.29
14.09.2018,58.36
13.09.2018,58.74
12.09.2018,59.64
11.09.2018,59.49
10.09.2018,58.59
07.09.2018,58.6
06.09.2018,58.36
05.09.2018,59.03
04.09.2018,59.56
31.08.2018,59.21
30.08.2018,59.39
29.08.2018,59.23
28.08.2018,58.42
27.08.2018,58.51
24.08.2018,58.18
23.08.2018,57.47
22.08.2018,57.28
21.08.2018,56.1
20.08.2018,55.84
17.08.2018,55.43
16.08.2018,55.38
15.08.2018,55.22
14.08.2018,56.23
13.08.2018,56.45
10.08.2018,56.52
09.08.2018,55.79
08.08.2018,55.89
07.08.2018,57.3
06.08.2018,56.51
03.08.2018,56.19
02.08.2018,56.32
01.08.2018,55.41
31.07.2018,56.32
30.07.2018,57.35
27.07.2018,56.93
26.07.2018,57.51
25.07.2018,56.83
24.07.2018,56.34
23.07.2018,55.95
20.07.2018,55.59
19.07.2018,55.21
18.07.2018,55.22
17.07.2018,54.69
16.07.2018,54.27
13.07.2018,56.36
12.07.2018,56.09
11.07.2018,55.5
10.07.2018,58.69
09.07.2018,58
06.07.2018,57.28
05.07.2018,57.56
03.07.2018,57.17
02.07.2018,56.95
29.06.2018,58.36
28.06.2018,57.54
27.06.2018,57.52
26.06.2018,56.24
25.06.2018,55.49
22.06.2018,56.15
21.06.2018,54.69
20.06.2018,55.66
19.06.2018,56.05
18.06.2018,56.31
15.06.2018,55.13
14.06.2018,57.03
13.06.2018,57.72
12.06.2018,57.11
11.06.2018,57.08
08.06.2018,57.17
07.06.2018,57.59
06.06.2018,56.18
05.06.2018,56.58
04.06.2018,56.86
01.06.2018,57.49
31.05.2018,57.89
30.05.2018,58.96
29.05.2018,57.75
25.05.2018,58.38
24.05.2018,59.88
23.05.2018,60.48
22.05.2018,60.23
21.05.2018,60.07
18.05.2018,59.85
17.05.2018,60.25
16.05.2018,59.95
15.05.2018,59.41
14.05.2018,59.43
11.05.2018,58.7
10.05.2018,58.72
09.05.2018,58.59
08.05.2018,57
07.05.2018,57.72
04.05.2018,56.9
03.05.2018,55.81
02.05.2018,56.04
01.05.2018,55.47
30.04.2018,57.26
27.04.2018,56.82
26.04.2018,57.06
25.04.2018,56.43
24.04.2018,56.21
23.04.2018,56.56
20.04.2018,56.08
19.04.2018,55.72
18.04.2018,55.24
17.04.2018,54.34
16.04.2018,54.69
13.04.2018,55.48
12.04.2018,55.05
11.04.2018,55.28
10.04.2018,54.55
09.04.2018,52.74
06.04.2018,51.72
05.04.2018,52.21
04.04.2018,52.23
03.04.2018,52.7
02.04.2018,52.31
29.03.2018,53.58
28.03.2018,53.23
27.03.2018,53.43
26.03.2018,53.23
23.03.2018,53.32
22.03.2018,52.63
21.03.2018,52.93
20.03.2018,51.5
19.03.2018,50.38
16.03.2018,50.5
15.03.2018,50.01
14.03.2018,49.85
13.03.2018,49.5
12.03.2018,49.26
09.03.2018,49.84
08.03.2018,49.11
07.03.2018,49.52
06.03.2018,50.28
05.03.2018,50.11
02.03.2018,49.65
01.03.2018,49.81
28.02.2018,50.55
27.02.2018,51.86
26.02.2018,52.46
23.02.2018,52.03
22.02.2018,51.58
21.02.2018,51.05
20.02.2018,50.92
16.02.2018,50.47
15.02.2018,49.97
14.02.2018,49.87
13.02.2018,48.53
12.02.2018,48.58
09.02.2018,49.01
08.02.2018,50.76
07.02.2018,51.02
06.02.2018,52.44
05.02.2018,53.35
02.02.2018,54.25
01.02.2018,55.22
31.01.2018,54.66
30.01.2018,54.73
29.01.2018,55.6
26.01.2018,56.43
25.01.2018,55.88
24.01.2018,55.64
23.01.2018,55.11
22.01.2018,54.34
19.01.2018,54.38
18.01.2018,54.46
17.01.2018,54.66
16.01.2018,54.51
12.01.2018,55.08
11.01.2018,54.86
10.01.2018,54.97
09.01.2018,54.58
08.01.2018,54.03
05.01.2018,54.39
04.01.2018,54.87
03.01.2018,55.16
02.01.2018,54.38
01.01.2018,54.4
29.12.2017,54.83
28.12.2017,54.21
27.12.2017,53.9
26.12.2017,53.85
22.12.2017,52.03
21.12.2017,51.52
20.12.2017,51.36
19.12.2017,51.25
18.12.2017,50.86
15.12.2017,50.29
14.12.2017,50.45
13.12.2017,50.31
12.12.2017,51.08
11.12.2017,51.53
08.12.2017,50.95
07.12.2017,50.11
06.12.2017,49.17
05.12.2017,50.56
04.12.2017,50.05
01.12.2017,51.28
30.11.2017,50
29.11.2017,50.78
28.11.2017,51.53
27.11.2017,51.46
24.11.2017,51.59
22.11.2017,51.05
21.11.2017,51.14
20.11.2017,51.04
17.11.2017,51.42
16.11.2017,50.25
15.11.2017,50.42
14.11.2017,50.38
13.11.2017,51.04
10.11.2017,51.11
09.11.2017,51.43
08.11.2017,50.76
07.11.2017,50.77
06.11.2017,51.31
03.11.2017,49.84
02.11.2017,48.97
01.11.2017,49.2
31.10.2017,49.78
30.10.2017,49.6
27.10.2017,49.32
26.10.2017,48.66
25.10.2017,48.03
24.10.2017,48.13
23.10.2017,47.23
20.10.2017,47.69
19.10.2017,46.94
18.10.2017,47.62
17.10.2017,47.81
16.10.2017,47.89
13.10.2017,47.47
12.10.2017,46.64
11.10.2017,47.18
10.10.2017,46.62
09.10.2017,45.84
06.10.2017,46.07
05.10.2017,47.19
04.10.2017,46.86
03.10.2017,46.24
02.10.2017,46.67
29.09.2017,47.86
28.09.2017,48.4
27.09.2017,48.77
26.09.2017,48.75
25.09.2017,49.04
22.09.2017,47.98
21.09.2017,47.96
20.09.2017,47.74
19.09.2017,46.83
18.09.2017,47.01
15.09.2017,47.52
14.09.2017,46.96
13.09.2017,46.72
12.09.2017,45.98
11.09.2017,46.04
08.09.2017,46.64
07.09.2017,47.18
06.09.2017,46.48
05.09.2017,46.18
01.09.2017,46.15
31.08.2017,46.43
30.08.2017,44.22
29.08.2017,44
28.08.2017,43.2
25.08.2017,42.86
24.08.2017,42.82
23.08.2017,42.91
22.08.2017,42.04
21.08.2017,41.51
18.08.2017,42.81
17.08.2017,41.79
16.08.2017,41.59
15.08.2017,42.26
14.08.2017,42.42
11.08.2017,43.18
10.08.2017,43.09
09.08.2017,43.68
08.08.2017,43.04
07.08.2017,43.32
04.08.2017,43.55
03.08.2017,43.3
02.08.2017,43.82
01.08.2017,43.36
31.07.2017,43.64
28.07.2017,43.32
27.07.2017,42.35
26.07.2017,42.14
25.07.2017,41.44
24.07.2017,40.07
21.07.2017,40.03
20.07.2017,40.78
19.07.2017,40.98
18.07.2017,39.9
17.07.2017,39.61
14.07.2017,40.02
13.07.2017,39.41
12.07.2017,38.93
11.07.2017,39
10.07.2017,38.4
07.07.2017,38.26
06.07.2017,39.15
05.07.2017,39.06
03.07.2017,39.96
30.06.2017,38.98
29.06.2017,38.2
28.06.2017,37.86
27.06.2017,37.35
26.06.2017,36.46
23.06.2017,36.24
22.06.2017,36.23
21.06.2017,36.05
20.06.2017,36.85
19.06.2017,37.28
16.06.2017,37.7
15.06.2017,37.37
14.06.2017,37.25
13.06.2017,38.24
12.06.2017,37.66
09.06.2017,37.81
08.06.2017,37.57
07.06.2017,37.41
06.06.2017,38.73
05.06.2017,38.55
02.06.2017,39.22
01.06.2017,39.67
31.05.2017,40.03
30.05.2017,40.93
26.05.2017,41.3
25.05.2017,40.97
24.05.2017,42.43
23.05.2017,42.44
22.05.2017,42.32
19.05.2017,41.81
18.05.2017,40.82
17.05.2017,40.51
16.05.2017,40.06
15.05.2017,39.88
12.05.2017,39.45
11.05.2017,39.36
10.05.2017,38.98
09.05.2017,38.1
08.05.2017,38.45
05.05.2017,37.95
04.05.2017,37.31
03.05.2017,38.93
02.05.2017,38.78
01.05.2017,39.3
28.04.2017,39.73
27.04.2017,39.82
26.04.2017,40.6
25.04.2017,40.82
24.04.2017,40.75
21.04.2017,41.03
20.04.2017,41.71
19.04.2017,41.77
18.04.2017,42.85
17.04.2017,43.14
13.04.2017,43.58
12.04.2017,43.64
11.04.2017,43.6
10.04.2017,43.52
07.04.2017,43.02
06.04.2017,42.61
05.04.2017,42.36
04.04.2017,42.06
03.04.2017,41.3
31.03.2017,41.59
30.03.2017,41.16
29.03.2017,40.75
28.03.2017,40.07
27.03.2017,39.69
24.03.2017,39.56
23.03.2017,39.36
22.03.2017,39.54
21.03.2017,39.71
20.03.2017,40
17.03.2017,39.85
16.03.2017,39.74
15.03.2017,39.95
14.03.2017,39.41
13.03.2017,39.64
10.03.2017,39.72
09.03.2017,40.41
08.03.2017,41.12
07.03.2017,42.63
06.03.2017,42.39
03.03.2017,42.1
02.03.2017,41.72
01.03.2017,42.9
28.02.2017,42.82
27.02.2017,43.32
24.02.2017,43.33
23.02.2017,43.77
22.02.2017,43.05
21.02.2017,43.39
17.02.2017,43.23
16.02.2017,43.04
15.02.2017,43.07
14.02.2017,43.28
13.02.2017,42.99
10.02.2017,44.01
09.02.2017,43.37
08.02.2017,43.21
07.02.2017,42.85
06.02.2017,43.24
03.02.2017,43.99
02.02.2017,43.64
01.02.2017,44.22
31.01.2017,42.64
30.01.2017,42.46
27.01.2017,42.77
26.01.2017,43.35
25.01.2017,42.7
24.01.2017,43.32
23.01.2017,42.99
20.01.2017,43.48
19.01.2017,42.75
18.01.2017,42.51
17.01.2017,43.55
13.01.2017,43.63
12.01.2017,44.28
11.01.2017,43.65
10.01.2017,42.6
09.01.2017,43.26
06.01.2017,44.98
05.01.2017,44.76
04.01.2017,44.76
03.01.2017,44.3
02.01.2017,45.52
30.12.2016,45.23
29.12.2016,44.99
28.12.2016,44.88
27.12.2016,44.89
23.12.2016,43.89
22.12.2016,43.89
21.12.2016,43.37
20.12.2016,44.05
19.12.2016,44.15
16.12.2016,44.18
15.12.2016,43.38
14.12.2016,43.42
13.12.2016,44.2
12.12.2016,44.16
09.12.2016,43.21
08.12.2016,42.96
07.12.2016,42.75
06.12.2016,43.29
05.12.2016,43.69
02.12.2016,43.81
01.12.2016,43.53
30.11.2016,41.5
29.11.2016,38.65
28.11.2016,39.96
25.11.2016,38.76
23.11.2016,40.07
22.11.2016,40.32
21.11.2016,40.29
18.11.2016,38.51
17.11.2016,38.09
16.11.2016,37.91
15.11.2016,38.17
14.11.2016,36.6
11.11.2016,37.02
10.11.2016,37.86
09.11.2016,38.07
08.11.2016,38.01
07.11.2016,38
04.11.2016,37.84
03.11.2016,38.52
02.11.2016,38.79
01.11.2016,40.12
31.10.2016,39.51
28.10.2016,40.77
27.10.2016,41.43
26.10.2016,40.93
25.10.2016,41.17
24.10.2016,41.81
21.10.2016,41.54
20.10.2016,41.21
19.10.2016,41.95
18.10.2016,41.44
17.10.2016,41.11
14.10.2016,41.41
13.10.2016,41.76
12.10.2016,41.39
11.10.2016,41.82
10.10.2016,42.42
07.10.2016,41.7
06.10.2016,42.16
05.10.2016,41.7
04.10.2016,41.06
03.10.2016,41.03
30.09.2016,40.42
29.09.2016,39.85
28.09.2016,39.22
27.09.2016,37.25
26.09.2016,38.28
23.09.2016,37.18
22.09.2016,38.42
21.09.2016,37.73
20.09.2016,37.14
19.09.2016,36.93
16.09.2016,37.14
15.09.2016,37.4
14.09.2016,36.52
13.09.2016,37.54
12.09.2016,38.09
09.09.2016,37.77
08.09.2016,39.15
07.09.2016,37.68
06.09.2016,37.34
02.09.2016,37.18
01.09.2016,36.61
31.08.2016,37.29
30.08.2016,38.85
29.08.2016,39.24
26.08.2016,39.53
25.08.2016,39.88
24.08.2016,39.53
23.08.2016,39.68
22.08.2016,39.29
19.08.2016,40.06
18.08.2016,40.31
17.08.2016,39.34
16.08.2016,38.6
15.08.2016,38.29
12.08.2016,37.17
11.08.2016,36.47
10.08.2016,34.72
09.08.2016,35.12
08.08.2016,35.46
05.08.2016,34.8
04.08.2016,34.96
03.08.2016,34.01
02.08.2016,33.26
01.08.2016,33.28
29.07.2016,33.66
28.07.2016,33.6
27.07.2016,34.23
26.07.2016,35.03
25.07.2016,34.98
22.07.2016,35.9
21.07.2016,36.21
20.07.2016,37.13
19.07.2016,36.6
18.07.2016,36.45
15.07.2016,36.92
14.07.2016,37.05
13.07.2016,36.57
12.07.2016,38.58
11.07.2016,37.45
08.07.2016,37.31
07.07.2016,37.31
06.07.2016,38.83
05.07.2016,38.26
01.07.2016,39.93
30.06.2016,38.73
29.06.2016,40.45
28.06.2016,38.86
27.06.2016,37.85
24.06.2016,38.44
23.06.2016,40.18
22.06.2016,39.75
21.06.2016,40.03
20.06.2016,40.35
17.06.2016,39.18
16.06.2016,37.62
15.06.2016,38.99
14.06.2016,39.68
13.06.2016,39.97
10.06.2016,40.06
09.06.2016,40.92
08.06.2016,41.44
07.06.2016,40.67
06.06.2016,39.69
03.06.2016,39.38
02.06.2016,39.81
01.06.2016,39.68
31.05.2016,39.37
27.05.2016,39.42
26.05.2016,39.65
25.05.2016,39.96
24.05.2016,39.35
23.05.2016,39.03
20.05.2016,39.26
19.05.2016,39.07
18.05.2016,39.15
17.05.2016,38.76
16.05.2016,38.03
13.05.2016,37.03
12.05.2016,36.73
11.05.2016,36.85
10.05.2016,35.38
09.05.2016,34
06.05.2016,35.27
05.05.2016,35.08
04.05.2016,35.09
03.05.2016,35.27
02.05.2016,35.84
29.04.2016,36.66
28.04.2016,37.11
27.04.2016,36.44
26.04.2016,35.14
25.04.2016,34.15
22.04.2016,34.6
21.04.2016,34.4
20.04.2016,35.18
19.04.2016,33.37
18.04.2016,32.61
15.04.2016,32.55
14.04.2016,33.11
13.04.2016,33.43
12.04.2016,33.65
11.04.2016,32.09
08.04.2016,31.71
07.04.2016,29.73
06.04.2016,30.12
05.04.2016,28.43
04.04.2016,28.81
01.04.2016,29.92
31.03.2016,31.1
30.03.2016,30.64
29.03.2016,30.53
28.03.2016,31.21
24.03.2016,31.6
23.03.2016,31.83
22.03.2016,33.08
21.03.2016,33.05
18.03.2016,32.92
17.03.2016,33.1
16.03.2016,32.52
15.03.2016,31.3
14.03.2016,31.78
11.03.2016,32.18
10.03.2016,32.2
09.03.2016,32.49
08.03.2016,31.62
07.03.2016,32.26
04.03.2016,30.75
03.03.2016,29.69
02.03.2016,29.43
01.03.2016,29.09
29.02.2016,28.9
26.02.2016,28.29
25.02.2016,28.5
24.02.2016,28.32
23.02.2016,27.47
22.02.2016,28.35
19.02.2016,27.66
18.02.2016,28.69
17.02.2016,28.58
16.02.2016,27.13
15.02.2016,28.16
12.02.2016,27.84
11.02.2016,26.76
10.02.2016,25.86
09.02.2016,26.15
08.02.2016,27.71
05.02.2016,28.08
04.02.2016,28.64
03.02.2016,28.74
02.02.2016,26.65
01.02.2016,27.34
29.01.2016,28.53
28.01.2016,28.03
27.01.2016,27.16
26.01.2016,25.89
25.01.2016,24.81
22.01.2016,26.65
21.01.2016,24.25
20.01.2016,23.51
19.01.2016,24.01
18.01.2016,24.46
15.01.2016,24.81
14.01.2016,25.99
13.01.2016,25.65
12.01.2016,26.39
11.01.2016,26.71
08.01.2016,27.66
07.01.2016,28.13
06.01.2016,28.69
05.01.2016,29.69
04.01.2016,29.9
31.12.2015,29.83
30.12.2015,29.59
29.12.2015,30.56
28.12.2015,29.61
23.12.2015,30.7
22.12.2015,29.61
21.12.2015,29.75
18.12.2015,29.32
17.12.2015,29.16
16.12.2015,29.46
15.12.2015,30.12
14.12.2015,29.59
11.12.2015,30.27
10.12.2015,32.1
09.12.2015,32.92
08.12.2015,33.29
07.12.2015,33.84
04.12.2015,35.72
03.12.2015,35.9
02.12.2015,34.74
01.12.2015,36.03
30.11.2015,35.98
27.11.2015,36.51
26.11.2015,37.25
25.11.2015,37.72
24.11.2015,37.7
23.11.2015,37.06
20.11.2015,36.8
19.11.2015,36.85
18.11.2015,37.01
17.11.2015,36.24
16.11.2015,36.9
13.11.2015,36.56
12.11.2015,37.2
11.11.2015,38.33
10.11.2015,39.31
09.11.2015,39.12
06.11.2015,39.57
05.11.2015,39.41
04.11.2015,39.89
03.11.2015,41.37
02.11.2015,39.86
30.10.2015,40.02
29.10.2015,39.47
28.10.2015,39.84
27.10.2015,38.3
26.10.2015,38.28
23.10.2015,38.97
22.10.2015,39.52
21.10.2015,38.94
20.10.2015,38.23
19.10.2015,38.44
16.10.2015,39.49
15.10.2015,39.49
14.10.2015,39.15
13.10.2015,38.99
12.10.2015,39.94
09.10.2015,41.84
08.10.2015,42.43
07.10.2015,41.95
06.10.2015,42.64
05.10.2015,41.03
02.10.2015,40.23
01.10.2015,40.39
30.09.2015,40.79
29.09.2015,40.37
28.09.2015,39.68
25.09.2015,40.74
24.09.2015,40.89
23.09.2015,40.55
22.09.2015,41.05
21.09.2015,40.6
18.09.2015,39.55
17.09.2015,40.39
16.09.2015,40.84
15.09.2015,39.73
14.09.2015,39.84
11.09.2015,40.95
10.09.2015,41.55
09.09.2015,40.79
08.09.2015,42.08
07.09.2015,41.42
04.09.2015,42.14
03.09.2015,42.85
02.09.2015,42.48
01.09.2015,41.55
31.08.2015,44.49
28.08.2015,42.03
27.08.2015,39.6
26.08.2015,37.25
25.08.2015,37.12
24.08.2015,37.14
21.08.2015,38.89
20.08.2015,39.65
19.08.2015,39.92
18.08.2015,40.95
17.08.2015,41.05
14.08.2015,40.87
13.08.2015,41.5
12.08.2015,42.06
11.08.2015,41.45
10.08.2015,41.87
07.08.2015,40.79
06.08.2015,41
05.08.2015,40.81
04.08.2015,41.05
03.08.2015,40.58
31.07.2015,41.82
30.07.2015,42.58
29.07.2015,42.56
28.07.2015,42.53
27.07.2015,42.14
24.07.2015,43.38
23.07.2015,43.93
22.07.2015,44.3
21.07.2015,44.41
20.07.2015,43.69
17.07.2015,43.91
16.07.2015,44.14
15.07.2015,44.17
14.07.2015,45.52
13.07.2015,45.44
10.07.2015,45.94
09.07.2015,45.91
08.07.2015,45.52
07.07.2015,45.54
06.07.2015,45.46
03.07.2015,47.76
02.07.2015,48.45
01.07.2015,48.77
30.06.2015,49.88
29.06.2015,48.74
26.06.2015,49.37
25.06.2015,49.37
24.06.2015,49.93
23.06.2015,50.83
22.06.2015,49.48
19.06.2015,49.37
18.06.2015,50.54
17.06.2015,50.35
16.06.2015,49.77
15.06.2015,49.4
12.06.2015,49.82
11.06.2015,50.69
10.06.2015,51.28
09.06.2015,50.48
08.06.2015,49.06
05.06.2015,49.29
04.06.2015,48.85
03.06.2015,50.06
02.06.2015,51.49
01.06.2015,50.93
29.05.2015,51.38
28.05.2015,49.59
27.05.2015,49.24
26.05.2015,50.38
25.05.2015,52.09
22.05.2015,51.83
21.05.2015,52.52
20.05.2015,51.38
19.05.2015,51.14
18.05.2015,52.65
15.05.2015,53.05
14.05.2015,52.97
13.05.2015,52.78
12.05.2015,52.6
11.05.2015,51.38
08.05.2015,51.72
07.05.2015,51.8
06.05.2015,53.15
05.05.2015,53.26
04.05.2015,52.33
29.04.2015,51.41
28.04.2015,50.75
27.04.2015,50.8
24.04.2015,51.04
23.04.2015,50.91
22.04.2015,49.61
21.04.2015,49.08
20.04.2015,49.61
17.04.2015,49.88
16.04.2015,50.4
15.04.2015,49.56
14.04.2015,47.66
13.04.2015,47.15
10.04.2015,46.84
09.04.2015,45.68
08.04.2015,45.09
07.04.2015,47.08
02.04.2015,44.65
01.04.2015,45.91
31.03.2015,45.04
30.03.2015,45.57
27.03.2015,45.54
25.03.2015,45.38
24.03.2015,45.04
23.03.2015,45.41
20.03.2015,45.17
19.03.2015,45.44
18.03.2015,46.97
17.03.2015,44.65
16.03.2015,45.01
13.03.2015,45.17
12.03.2015,47
11.03.2015,48.37
10.03.2015,48.03
09.03.2015,48.66
06.03.2015,49.37
05.03.2015,49.8
04.03.2015,49.98
03.03.2015,51.17
02.03.2015,50.03
27.02.2015,51.83
26.02.2015,50.3
25.02.2015,51.17
24.02.2015,49.29
23.02.2015,49.95
20.02.2015,50.43
19.02.2015,49.74
18.02.2015,49.48
17.02.2015,51.94
13.02.2015,52.02
12.02.2015,50.67
11.02.2015,48.21
10.02.2015,48.69
09.02.2015,49.43
06.02.2015,48.69
05.02.2015,47.87
04.02.2015,47
03.02.2015,48.61
02.02.2015,46.57
29.01.2015,42.45
28.01.2015,42.4
27.01.2015,43.06
23.01.2015,42.74
22.01.2015,42.58
21.01.2015,42.53
20.01.2015,43.14
16.01.2015,43.85
15.01.2015,42.9
14.01.2015,43.59
13.01.2015,43.14
12.01.2015,43.77
09.01.2015,45.01
08.01.2015,45.12
07.01.2015,44.83
06.01.2015,45.36
05.01.2015,46.12
02.01.2015,47.52
31.12.2014,48.98
30.12.2014,48.45
29.12.2014,48.26
23.12.2014,51.59
22.12.2014,50.22
19.12.2014,51.3
18.12.2014,51.43
17.12.2014,52.62
16.12.2014,51.72
15.12.2014,52.2
12.12.2014,53.23
11.12.2014,54.42
10.12.2014,54.39
09.12.2014,55.05
08.12.2014,54.23
05.12.2014,55.5
04.12.2014,55.79
03.12.2014,56.35
02.12.2014,57.09
01.12.2014,58.67
28.11.2014,57.43
27.11.2014,58.78
26.11.2014,61.53
25.11.2014,61.97
24.11.2014,62.53
21.11.2014,63.01
20.11.2014,62.37
19.11.2014,62
18.11.2014,62.45
17.11.2014,63.37
14.11.2014,63.96
13.11.2014,62.69
12.11.2014,64.25
11.11.2014,64.88
10.11.2014,65.04
07.11.2014,65.88
06.11.2014,64.99
05.11.2014,64.59
04.11.2014,64.46
03.11.2014,65.51
31.10.2014,66.39
30.10.2014,66.1
29.10.2014,66.49
28.10.2014,65.73
27.10.2014,64.85
24.10.2014,65.33
23.10.2014,65.65
22.10.2014,64.8
21.10.2014,66.33
20.10.2014,65.67
17.10.2014,66.1
16.10.2014,65.14
15.10.2014,64.88
14.10.2014,65.17
13.10.2014,67.15
10.10.2014,67.6
09.10.2014,66.84
08.10.2014,68.24
07.10.2014,68.76
06.10.2014,69.45
03.10.2014,69.03
02.10.2014,69.9
01.10.2014,70.27
30.09.2014,70.19
29.09.2014,71.43
26.09.2014,71.38
25.09.2014,71.38
24.09.2014,71.17
23.09.2014,71.01
22.09.2014,71.19
19.09.2014,71.91
18.09.2014,71.72
17.09.2014,72.38
16.09.2014,72.75
15.09.2014,72.36
12.09.2014,72.55
11.09.2014,73.08
10.09.2014,73.01
09.09.2014,73.98
08.09.2014,74.45
05.09.2014,74.53
04.09.2014,75.25
03.09.2014,75.71
02.09.2014,74.09
01.09.2014,75.54
29.08.2014,75.78
28.08.2014,75.6
27.08.2014,75.82
26.08.2014,75.46
25.08.2014,75.3
22.08.2014,75.17
21.08.2014,75.35
20.08.2014,74.99
19.08.2014,74.63
18.08.2014,74.54
15.08.2014,75.3
14.08.2014,74.82
13.08.2014,76.75
12.08.2014,75.49
11.08.2014,76.18
08.08.2014,76
07.08.2014,76.86
06.08.2014,76.23
05.08.2014,75.33
04.08.2014,76.06
01.08.2014,75.78
31.07.2014,76.45
30.07.2014,76.29
29.07.2014,77.05
28.07.2014,76.76
25.07.2014,77.45
24.07.2014,76.18
23.07.2014,76.4
22.07.2014,75.94
21.07.2014,76.1
18.07.2014,75.61
17.07.2014,76.06
16.07.2014,75.55
15.07.2014,75.51
14.07.2014,76.09
11.07.2014,75.76
10.07.2014,76.67
09.07.2014,76.06
08.07.2014,76.14
07.07.2014,76.88
04.07.2014,77.28
03.07.2014,77.44
02.07.2014,77.94
01.07.2014,78.88
30.06.2014,78.84
27.06.2014,79.57
26.06.2014,79.84
25.06.2014,80.49
24.06.2014,80.72
23.06.2014,80.41
20.06.2014,81.04
19.06.2014,80.95
18.06.2014,80.78
17.06.2014,80.01
16.06.2014,79.42
13.06.2014,78.99
12.06.2014,79.33
11.06.2014,76.75
10.06.2014,76.57
09.06.2014,76.33
06.06.2014,76.14
05.06.2014,76.27
04.06.2014,75.53
03.06.2014,76.03
02.06.2014,76.3
30.05.2014,76.47
29.05.2014,77.41
28.05.2014,77.59
27.05.2014,77.91
26.05.2014,78.05
23.05.2014,78.31
22.05.2014,78.17
21.05.2014,78.01
20.05.2014,77.95
19.05.2014,77.74
16.05.2014,78.24
15.05.2014,77.83
14.05.2014,78.5
13.05.2014,78.12
12.05.2014,77.34
09.05.2014,76.9
08.05.2014,77.15
07.05.2014,77.56
06.05.2014,76.42
05.05.2014,76.82
02.05.2014,77.32
01.05.2014,77.21
30.04.2014,77.51
29.04.2014,78.31
28.04.2014,77.96
25.04.2014,78.77
24.04.2014,79.66
23.04.2014,78.76
22.04.2014,79.2
21.04.2014,79.51
18.04.2014,79.35
17.04.2014,79.41
16.04.2014,79.39
15.04.2014,78.78
14.04.2014,78.79
11.04.2014,77.68
10.04.2014,77.89
09.04.2014,78.07
08.04.2014,77.66
07.04.2014,76.45
04.04.2014,77.06
03.04.2014,76.95
02.04.2014,75.9
01.04.2014,76.26
31.03.2014,77.68
28.03.2014,77.99
27.03.2014,77.91
26.03.2014,77.18
25.03.2014,77.39
24.03.2014,77.02
21.03.2014,77.11
20.03.2014,76.93
19.03.2014,76.65
18.03.2014,76.79
17.03.2014,76.21
14.03.2014,77.95
13.03.2014,77.46
12.03.2014,77.67
11.03.2014,78.16
10.03.2014,78.41
07.03.2014,79.53
06.03.2014,79.33
05.03.2014,78.95
04.03.2014,80.53
03.03.2014,81.16
28.02.2014,79.82
27.02.2014,79.64
26.02.2014,80.45
25.02.2014,80.41
24.02.2014,80.83
21.02.2014,80.39
20.02.2014,81.72
19.02.2014,81.36
18.02.2014,80.6
17.02.2014,80.18
14.02.2014,79.96
13.02.2014,79.36
12.02.2014,79.71
11.02.2014,80.11
10.02.2014,79.19
07.02.2014,80.53
06.02.2014,79.34
05.02.2014,79.07
04.02.2014,79.14
03.02.2014,79.61
31.01.2014,79.34
30.01.2014,80.03
29.01.2014,79.56
28.01.2014,79.26
27.01.2014,78.84
24.01.2014,79.89
23.01.2014,79.03
22.01.2014,79.01
21.01.2014,78.13
20.01.2014,78.09
17.01.2014,78.05
16.01.2014,77.66
15.01.2014,77.9
14.01.2014,77.13
13.01.2014,76.99
10.01.2014,77.6
09.01.2014,77.33
08.01.2014,78.23
07.01.2014,78.39
06.01.2014,78.21
03.01.2014,78.18
02.01.2014,79.12
01.01.2014,81.2
31.12.2013,80.96
30.12.2013,80.74
27.12.2013,81.98
26.12.2013,81.44
25.12.2013,81.28
24.12.2013,80.93
23.12.2013,80.87
20.12.2013,81
19.12.2013,80.05
18.12.2013,79.46
17.12.2013,78.15
16.12.2013,79.07
13.12.2013,78.72
12.12.2013,78.91
11.12.2013,79.95
10.12.2013,79.99
09.12.2013,79.51
06.12.2013,81.03
05.12.2013,80.9
04.12.2013,80.74
03.12.2013,81.14
02.12.2013,80.85
29.11.2013,80.26
28.11.2013,80.45
27.11.2013,80.68
26.11.2013,80.63
25.11.2013,80.27
22.11.2013,80.5
21.11.2013,79.52
20.11.2013,78.08
19.11.2013,76.82
18.11.2013,77.29
15.11.2013,77.94
14.11.2013,77.64
13.11.2013,76.57
12.11.2013,75.51
11.11.2013,76.53
08.11.2013,75.89
07.11.2013,75.35
06.11.2013,75.96
05.11.2013,75.95
04.11.2013,76.11
01.11.2013,76.48
31.10.2013,78.27
30.10.2013,78.92
29.10.2013,78.36
28.10.2013,78.49
25.10.2013,77.21
24.10.2013,76.82
23.10.2013,77.37
22.10.2013,79.32
21.10.2013,79.74
18.10.2013,80.3
17.10.2013,79.08
16.10.2013,80.55
15.10.2013,79.63
14.10.2013,80.14
11.10.2013,80.22
10.10.2013,81.2
09.10.2013,79.63
08.10.2013,80.25
07.10.2013,79.68
04.10.2013,79.43
03.10.2013,79.33
02.10.2013,79.33
01.10.2013,77.96
30.09.2013,78.53
27.09.2013,78.83
26.09.2013,79.23
25.09.2013,78.47
24.09.2013,78.36
23.09.2013,78.19
20.09.2013,79.54
19.09.2013,79.49
18.09.2013,80.66
17.09.2013,79.16
16.09.2013,80.9
13.09.2013,82.3
12.09.2013,82.44
11.09.2013,81.28
10.09.2013,81.01
09.09.2013,82.02
06.09.2013,83.46
05.09.2013,82.88
04.09.2013,82.67
03.09.2013,83.06
02.09.2013,82.88
30.08.2013,82.84
29.08.2013,84.13
28.08.2013,84.63
27.08.2013,83.64
26.08.2013,81.5
23.08.2013,81.86
22.08.2013,81.22
21.08.2013,81.44
20.08.2013,81.52
19.08.2013,81.25
16.08.2013,81.71
15.08.2013,81.36
14.08.2013,80.54
13.08.2013,80.45
12.08.2013,79.99
09.08.2013,79.25
08.08.2013,78.1
07.08.2013,78.35
06.08.2013,79.53
05.08.2013,80.57
02.08.2013,81.22
01.08.2013,81.74
31.07.2013,80.59
30.07.2013,79.58
29.07.2013,79.78
26.07.2013,79.67
25.07.2013,80.3
24.07.2013,80.51
23.07.2013,81.29
22.07.2013,81.03
19.07.2013,81.79
18.07.2013,82.14
17.07.2013,81.25
16.07.2013,80.56
15.07.2013,80.13
12.07.2013,80.3
11.07.2013,79.24
10.07.2013,79.14
09.07.2013,78.83
08.07.2013,78.68
05.07.2013,78.89
04.07.2013,77.89
03.07.2013,77.96
02.07.2013,76.69
01.07.2013,75.99
28.06.2013,75.6
27.06.2013,76.14
26.06.2013,75.48
25.06.2013,75.42
24.06.2013,75.32
21.06.2013,75.17
20.06.2013,75.87
19.06.2013,78.58
18.06.2013,78.22
17.06.2013,78.1
14.06.2013,78.33
13.06.2013,77.66
12.06.2013,76.44
11.06.2013,75.48
10.06.2013,76.19
07.06.2013,76.58
06.06.2013,75.71
05.06.2013,75.42
04.06.2013,75.82
03.06.2013,75.03
31.05.2013,73.48
30.05.2013,75.09
29.05.2013,75.78
28.05.2013,76.73
27.05.2013,75.66
24.05.2013,75.41
23.05.2013,75.4
22.05.2013,75.73
21.05.2013,76.99
20.05.2013,77.64
17.05.2013,77.39
16.05.2013,76.59
15.05.2013,75.97
14.05.2013,75.92
13.05.2013,76.19
10.05.2013,76.63
09.05.2013,77.23
08.05.2013,77.03
07.05.2013,77.2
06.05.2013,77
03.05.2013,76
02.05.2013,75.34
01.05.2013,73.6
30.04.2013,74.7
29.04.2013,75.63
26.04.2013,75.67
25.04.2013,75.89
24.04.2013,74.87
23.04.2013,74.02
22.04.2013,73.98
19.04.2013,73.38
18.04.2013,73.37
17.04.2013,72.25
16.04.2013,74.02
15.04.2013,74.25
12.04.2013,75.92
11.04.2013,76.74
10.04.2013,77.73
09.04.2013,78.31
08.04.2013,78.09
05.04.2013,77.15
04.04.2013,78.46
03.04.2013,79.19
02.04.2013,81.51
01.04.2013,81.34
29.03.2013,80.53
28.03.2013,80.5
27.03.2013,80.29
26.03.2013,79.38
25.03.2013,78.58
22.03.2013,78.49
21.03.2013,78.5
20.03.2013,79.1
19.03.2013,78.25
18.03.2013,80.09
16.03.2013,80.22
15.03.2013,80.15
14.03.2013,79.74
13.03.2013,77.14
12.03.2013,77.98
11.03.2013,78.22
08.03.2013,78.45
07.03.2013,78.55
06.03.2013,78.48
05.03.2013,78.7
04.03.2013,77.09
01.03.2013,77.52
28.02.2013,78.1
27.02.2013,78.97
26.02.2013,79.95
25.02.2013,81.72
22.02.2013,82.03
21.02.2013,82
20.02.2013,83.19
19.02.2013,84.13
18.02.2013,84.53
15.02.2013,84.78
14.02.2013,84.97
13.02.2013,84.72
12.02.2013,85.44
11.02.2013,85.48
08.02.2013,85.63
07.02.2013,84.68
06.02.2013,84.18
05.02.2013,84.35
04.02.2013,83.44
01.02.2013,83.53
31.01.2013,82.45
30.01.2013,82.24
29.01.2013,81.76
28.01.2013,80.62
25.01.2013,80.63
24.01.2013,81.28
23.01.2013,81.14
22.01.2013,80.74
21.01.2013,80.8
18.01.2013,80.33
17.01.2013,79.73
16.01.2013,79.3
15.01.2013,79.82
14.01.2013,81.01
11.01.2013,79.52
10.01.2013,80.61
09.01.2013,81.13
08.01.2013,80.92
07.01.2013,80.28
04.01.2013,79.71
03.01.2013,79.84
02.01.2013,80.33
01.01.2013,80.06
31.12.2012,80.1
28.12.2012,80.08
27.12.2012,80.65
26.12.2012,80.28
25.12.2012,79.14
24.12.2012,79.14
21.12.2012,79.72
20.12.2012,80.44
19.12.2012,80.05
18.12.2012,79.06
17.12.2012,78.22
14.12.2012,78.7
13.12.2012,78.04
12.12.2012,78.73
11.12.2012,77.41
10.12.2012,76.5
07.12.2012,77.16
06.12.2012,77.66
05.12.2012,78.99
04.12.2012,79.44
03.12.2012,80.58
30.11.2012,80.81
29.11.2012,80.74
28.11.2012,79.89
27.11.2012,80.13
26.11.2012,80.8
23.11.2012,81.6
22.11.2012,81.18
21.11.2012,81.42
20.11.2012,80.71
19.11.2012,81.67
16.11.2012,79.11
15.11.2012,78.58
14.11.2012,79.04
13.11.2012,78.18
12.11.2012,79.28
09.11.2012,79.39
08.11.2012,78.16
07.11.2012,78.4
06.11.2012,80.73
05.11.2012,78.83
02.11.2012,78.18
01.11.2012,80.05
31.10.2012,80.73
30.10.2012,80.91
29.10.2012,81.33
26.10.2012,81.2
25.10.2012,80.51
24.10.2012,79.9
23.10.2012,79.97
22.10.2012,81.05
19.10.2012,82.33
18.10.2012,83.85
17.10.2012,83.93
16.10.2012,84.35
15.10.2012,84.67
12.10.2012,85.12
11.10.2012,86.1
10.10.2012,84.72
09.10.2012,84.57
08.10.2012,83.37
05.10.2012,83.32
04.10.2012,83.87
03.10.2012,80.94
02.10.2012,82.64
01.10.2012,82.83
28.09.2012,83
27.09.2012,83.5
26.09.2012,81.76
25.09.2012,81.99
24.09.2012,81.73
21.09.2012,82.59
20.09.2012,82.04
19.09.2012,80.37
18.09.2012,82.61
17.09.2012,83.24
14.09.2012,85.61
13.09.2012,84.92
12.09.2012,84.74
11.09.2012,84.19
10.09.2012,83.53
07.09.2012,83.4
06.09.2012,82.84
05.09.2012,82.47
04.09.2012,83.27
03.09.2012,84.5
31.08.2012,84.03
30.08.2012,82.96
29.08.2012,82.63
28.08.2012,82.82
27.08.2012,82.58
24.08.2012,82.41
23.08.2012,82.96
22.08.2012,83.02
21.08.2012,82.59
20.08.2012,81.85
17.08.2012,81.92
16.08.2012,82.14
15.08.2012,81.47
14.08.2012,80.2
13.08.2012,79.73
10.08.2012,79.89
09.08.2012,80.58
08.08.2012,79.56
07.08.2012,78.04
06.08.2012,77.74
03.08.2012,77.13
02.08.2012,75.09
01.08.2012,75.43
31.07.2012,74.74
30.07.2012,76.14
27.07.2012,76.32
26.07.2012,75.85
25.07.2012,75.07
24.07.2012,74.67
23.07.2012,74.75
20.07.2012,77.16
19.07.2012,77.79
18.07.2012,76.09
17.07.2012,75.01
16.07.2012,74.79
13.07.2012,73.85
12.07.2012,73.15
11.07.2012,72.97
10.07.2012,71.82
09.07.2012,72.39
06.07.2012,71.57
05.07.2012,72.96
04.07.2012,72.38
03.07.2012,72.78
02.07.2012,70.67
29.06.2012,71.33
28.06.2012,67.54
27.06.2012,68.51
26.06.2012,68.06
25.06.2012,67.15
22.06.2012,67.26
21.06.2012,66.9
20.06.2012,68.36
19.06.2012,69.76
18.06.2012,69.18
15.06.2012,69.96
14.06.2012,69.7
13.06.2012,68.94
12.06.2012,69.4
11.06.2012,69.15
08.06.2012,70.8
07.06.2012,70.34
06.06.2012,70.63
05.06.2012,69.53
04.06.2012,69.47
01.06.2012,69.67
31.05.2012,71.74
30.05.2012,72.38
29.05.2012,74.39
28.05.2012,74.79
25.05.2012,74.78
24.05.2012,74.69
23.05.2012,74.72
22.05.2012,75.55
21.05.2012,75.87
18.05.2012,74.97
17.05.2012,75.22
16.05.2012,76.49
15.05.2012,77.26
14.05.2012,77.07
11.05.2012,78.23
10.05.2012,78.59
09.05.2012,79.02
08.05.2012,78.99
07.05.2012,78.82
04.05.2012,79.49
03.05.2012,81.58
02.05.2012,82.93
01.05.2012,83.96
30.04.2012,83.99
27.04.2012,84.08
26.04.2012,84.58
25.04.2012,83.57
24.04.2012,82.82
23.04.2012,83.09
20.04.2012,83.11
19.04.2012,82.59
18.04.2012,82.54
17.04.2012,82.72
16.04.2012,82.59
13.04.2012,83.93
12.04.2012,83.69
11.04.2012,82.21
10.04.2012,81.78
09.04.2012,83.11
06.04.2012,83.72
05.04.2012,83.94
04.04.2012,83.83
03.04.2012,85.42
02.04.2012,85.91
30.03.2012,83.87
29.03.2012,83.84
28.03.2012,85.11
27.03.2012,85.35
26.03.2012,85.69
23.03.2012,85.12
22.03.2012,84.5
21.03.2012,85.32
20.03.2012,85.92
19.03.2012,86.32
16.03.2012,87.08
15.03.2012,85.38
14.03.2012,86.39
13.03.2012,86.47
12.03.2012,85.95
09.03.2012,86.4
08.03.2012,86.49
07.03.2012,85.14
06.03.2012,84.33
05.03.2012,85.11
02.03.2012,84.78
01.03.2012,87.17
29.02.2012,84.82
28.02.2012,85.24
27.02.2012,86.22
24.02.2012,87.35
23.02.2012,86.86
22.02.2012,86.34
21.02.2012,85.15
20.02.2012,84.69
17.02.2012,84.06
16.02.2012,84.54
15.02.2012,83.72
14.02.2012,83.24
13.02.2012,82.94
10.02.2012,84.16
09.02.2012,84.93
08.02.2012,84.36
07.02.2012,84.17
06.02.2012,84.11
03.02.2012,82.18
02.02.2012,80.91
01.02.2012,80.52
31.01.2012,80.73
30.01.2012,80.41
27.01.2012,81.17
26.01.2012,80.46
25.01.2012,80.03
24.01.2012,79.85
23.01.2012,79.65
20.01.2012,79.2
19.01.2012,80.07
18.01.2012,79.69
17.01.2012,80.2
16.01.2012,81.04
13.01.2012,80.47
12.01.2012,80.55
11.01.2012,81.2
10.01.2012,82.07
09.01.2012,81.17
06.01.2012,81.42
05.01.2012,80.59
04.01.2012,81.87
03.01.2012,80.36
02.01.2012,76.68
30.12.2011,77.19
29.12.2011,77.39
28.12.2011,76.62
27.12.2011,76.83
26.12.2011,76.9
23.12.2011,76.89
22.12.2011,76.83
21.12.2011,77.07
20.12.2011,75.76
19.12.2011,73.67
16.12.2011,74.68
15.12.2011,74.61
14.12.2011,74.77
13.12.2011,77.22
12.12.2011,76.54
09.12.2011,77.09
08.12.2011,77.31
07.12.2011,78.85
06.12.2011,79.8
05.12.2011,78.98
02.12.2011,79.11
01.12.2011,78.5
30.11.2011,79.98
29.11.2011,80.1
28.11.2011,78.54
25.11.2011,77.99
24.11.2011,78.85
23.11.2011,78.65
22.11.2011,80.39
21.11.2011,79.32
18.11.2011,80.48
17.11.2011,81.86
16.11.2011,82.5
15.11.2011,84.02
14.11.2011,83.65
11.11.2011,84.11
10.11.2011,83.17
09.11.2011,82.09
08.11.2011,82.53
07.11.2011,82.59
04.11.2011,81.33
03.11.2011,80.42
02.11.2011,79.35
01.11.2011,79.94
31.10.2011,80.44
28.10.2011,80.98
27.10.2011,82.03
26.10.2011,80.04
25.10.2011,80.59
24.10.2011,80.54
21.10.2011,79.88
20.10.2011,79.85
19.10.2011,78.87
18.10.2011,80.03
17.10.2011,79.37
14.10.2011,80.78
13.10.2011,78.59
12.10.2011,77.38
11.10.2011,76.73
10.10.2011,76.6
07.10.2011,75.85
06.10.2011,73.61
05.10.2011,73.22
04.10.2011,71.94
03.10.2011,72.44
30.09.2011,73.31
29.09.2011,74.95
28.09.2011,74.72
27.09.2011,76.23
26.09.2011,74.49
23.09.2011,74.62
22.09.2011,75.2
21.09.2011,77.53
20.09.2011,78.27
19.09.2011,78.06
16.09.2011,79.51
15.09.2011,79.92
14.09.2011,77.81
13.09.2011,77.62
12.09.2011,77.61
09.09.2011,78.95
08.09.2011,80.36
07.09.2011,81.13
06.09.2011,79.53
05.09.2011,77.84
02.09.2011,79.54
01.09.2011,80.8
31.08.2011,81.25
30.08.2011,81.21
29.08.2011,79.8
26.08.2011,79.58
25.08.2011,79.04
24.08.2011,78.39
23.08.2011,78.17
22.08.2011,77.03
19.08.2011,77.32
18.08.2011,76.02
17.08.2011,78.64
16.08.2011,77.98
15.08.2011,77.77
12.08.2011,76.79
11.08.2011,76.67
10.08.2011,75.42
09.08.2011,73.19
08.08.2011,74.29
05.08.2011,76.48
04.08.2011,76.63
03.08.2011,79.94
02.08.2011,81.42
01.08.2011,81.81
29.07.2011,81.95
28.07.2011,82.1
27.07.2011,81.89
26.07.2011,82.44
25.07.2011,82.19
22.07.2011,83
21.07.2011,82.43
20.07.2011,82.66
19.07.2011,82.22
18.07.2011,81.69
15.07.2011,82.99
14.07.2011,81.58
13.07.2011,81.85
12.07.2011,81.14
11.07.2011,81.43
08.07.2011,81.75
07.07.2011,81.78
06.07.2011,78.46
05.07.2011,78.06
04.07.2011,77.16
01.07.2011,77.16
30.06.2011,77.4
29.06.2011,77.55
28.06.2011,74.93
27.06.2011,73.63
24.06.2011,73.48
23.06.2011,74.75
22.06.2011,78.04
21.06.2011,76.24
20.06.2011,77.74
17.06.2011,79.21
16.06.2011,79.89
15.06.2011,79.38
14.06.2011,82.63
13.06.2011,81.85
10.06.2011,81.92
09.06.2011,82.8
08.06.2011,81.66
07.06.2011,81.31
06.06.2011,79.52
03.06.2011,80.87
02.06.2011,80.55
01.06.2011,79.63
31.05.2011,80.42
30.05.2011,79.21
27.05.2011,79.22
26.05.2011,79.08
25.05.2011,79.07
24.05.2011,77.1
23.05.2011,75.53
20.05.2011,77.33
19.05.2011,76.84
18.05.2011,76.84
17.05.2011,75.74
16.05.2011,76.03
13.05.2011,77.8
12.05.2011,77
11.05.2011,77.18
10.05.2011,79.34
09.05.2011,78.57
06.05.2011,75.62
05.05.2011,76.03
04.05.2011,82.87
03.05.2011,84.34
02.05.2011,85.74
29.04.2011,86.48
28.04.2011,85.76
27.04.2011,86.03
26.04.2011,85.2
25.04.2011,84.57
22.04.2011,85.01
21.04.2011,84.92
20.04.2011,85.41
19.04.2011,83.61
18.04.2011,84.57
15.04.2011,85.54
14.04.2011,84.8
13.04.2011,84.61
12.04.2011,83.62
11.04.2011,85.58
08.04.2011,87.86
07.04.2011,84.59
06.04.2011,84.16
05.04.2011,83.84
04.04.2011,83.56
01.04.2011,82.95
31.03.2011,81.87
30.03.2011,80.72
29.03.2011,80.6
28.03.2011,80.3
25.03.2011,81.18
24.03.2011,81.42
23.03.2011,81.04
22.03.2011,81.58
21.03.2011,80.64
18.03.2011,80.38
17.03.2011,81.2
16.03.2011,79.21
15.03.2011,77.76
14.03.2011,80.79
11.03.2011,79.9
10.03.2011,80.23
09.03.2011,81.07
08.03.2011,79.36
07.03.2011,80.53
04.03.2011,81.63
03.03.2011,80.6
02.03.2011,80.88
01.03.2011,80.51
28.02.2011,77.53
25.02.2011,78.04
24.02.2011,76.08
23.02.2011,77.43
22.02.2011,74.1
21.02.2011,74.32
18.02.2011,72.33
17.02.2011,72.61
16.02.2011,73.45
15.02.2011,72.22
14.02.2011,72.68
11.02.2011,71.66
10.02.2011,72.24
09.02.2011,73.27
08.02.2011,72.29
07.02.2011,71.45
04.02.2011,71.85
03.02.2011,73.04
02.02.2011,73.47
01.02.2011,72.8
31.01.2011,72.13
28.01.2011,71.09
27.01.2011,70.14
26.01.2011,70.87
25.01.2011,68.61
24.01.2011,69.29
21.01.2011,70.29
20.01.2011,69.41
19.01.2011,70.23
18.01.2011,69.85
17.01.2011,69.47
14.01.2011,69.96
13.01.2011,69.15
12.01.2011,69.03
11.01.2011,69.02
10.01.2011,67.67
07.01.2011,65.98
06.01.2011,66.54
05.01.2011,67.18
04.01.2011,66.26
03.01.2011,67.55
31.12.2010,67.32
30.12.2010,65.66
29.12.2010,66.9
28.12.2010,66.82
27.12.2010,66.6
24.12.2010,67.46
23.12.2010,67.5
22.12.2010,67.11
21.12.2010,66.79
20.12.2010,65.93
17.12.2010,65.58
16.12.2010,65.66
15.12.2010,65.83
14.12.2010,65.19
13.12.2010,64.9
10.12.2010,64.88
09.12.2010,65.4
08.12.2010,65.21
07.12.2010,65.05
06.12.2010,65.26
03.12.2010,65.9
02.12.2010,64.66
01.12.2010,63.58
30.11.2010,61.22
29.11.2010,62.86
26.11.2010,61.7
25.11.2010,62
24.11.2010,61.95
23.11.2010,60.06
22.11.2010,60.32
19.11.2010,60.62
18.11.2010,61.16
17.11.2010,60.05
16.11.2010,61.45
15.11.2010,63.03
12.11.2010,62.41
11.11.2010,64.11
10.11.2010,64.7
09.11.2010,63.11
08.11.2010,63.35
05.11.2010,63.1
04.11.2010,62.61
03.11.2010,61.63
02.11.2010,60.97
01.11.2010,60.13
29.10.2010,59.12
28.10.2010,59.57
27.10.2010,59.59
26.10.2010,59.91
25.10.2010,60.04
22.10.2010,60.07
21.10.2010,59.14
20.10.2010,59.94
19.10.2010,58.36
18.10.2010,60.6
15.10.2010,59.44
14.10.2010,60.31
13.10.2010,60.68
12.10.2010,59.89
11.10.2010,60.13
08.10.2010,60.46
07.10.2010,59.37
06.10.2010,60.99
05.10.2010,60.79
04.10.2010,60.36
01.10.2010,60.6
30.09.2010,59.84
29.09.2010,58.51
28.09.2010,56.56
27.09.2010,56.44
24.09.2010,56.81
23.09.2010,56.15
22.09.2010,56.14
21.09.2010,56.24
20.09.2010,56.95
17.09.2010,55.93
16.09.2010,55.84
15.09.2010,56.57
14.09.2010,56.16
13.09.2010,56.05
10.09.2010,55.58
09.09.2010,54.63
08.09.2010,54.91
07.09.2010,54.5
06.09.2010,54.32
03.09.2010,54.16
02.09.2010,54.36
01.09.2010,53.96
31.08.2010,52.58
30.08.2010,53.76
27.08.2010,54.44
26.08.2010,53.44
25.08.2010,52.5
24.08.2010,51.59
23.08.2010,52.3
20.08.2010,52.82
19.08.2010,53.55
18.08.2010,54.04
17.08.2010,54.18
16.08.2010,52.56
13.08.2010,52.91
12.08.2010,52.94
11.08.2010,54.76
10.08.2010,56.17
09.08.2010,57.02
06.08.2010,56.97
05.08.2010,57.89
04.08.2010,58.23
03.08.2010,58.08
02.08.2010,57.07
30.07.2010,55.13
29.07.2010,54.58
28.07.2010,53.47
27.07.2010,53.67
26.07.2010,54.74
23.07.2010,54.88
22.07.2010,55.07
21.07.2010,53.24
20.07.2010,54.27
19.07.2010,53.92
16.07.2010,53.74
15.07.2010,54.09
14.07.2010,54.25
13.07.2010,54.18
12.07.2010,52.6
09.07.2010,53.71
08.07.2010,53.19
07.07.2010,52.49
06.07.2010,50.89
05.07.2010,50.4
02.07.2010,50.73
01.07.2010,51.06
30.06.2010,53.27
29.06.2010,53.84
28.06.2010,55.92
25.06.2010,56.35
24.06.2010,54.8
23.06.2010,54.93
22.06.2010,56.18
21.06.2010,56.83
18.06.2010,56.76
17.06.2010,57.1
16.06.2010,56.24
15.06.2010,55.18
14.06.2010,53.39
11.06.2010,53.22
10.06.2010,53.84
09.06.2010,52.83
08.06.2010,51.88
07.06.2010,51.65
04.06.2010,51.62
03.06.2010,53.77
02.06.2010,53.35
01.06.2010,52
31.05.2010,53.1
28.05.2010,53.07
27.05.2010,53.01
26.05.2010,51.09
25.05.2010,50.13
24.05.2010,50.81
21.05.2010,50.54
20.05.2010,50.32
19.05.2010,51.98
18.05.2010,52.28
17.05.2010,53.09
14.05.2010,54.89
13.05.2010,56.64
12.05.2010,57.15
11.05.2010,56.27
10.05.2010,56.27
07.05.2010,55.23
06.05.2010,55.8
05.05.2010,57.72
04.05.2010,59.73
03.05.2010,61.89
30.04.2010,61.12
29.04.2010,60.29
28.04.2010,59.4
27.04.2010,59.41
26.04.2010,59.73
23.04.2010,60.14
22.04.2010,59.1
21.04.2010,58.98
20.04.2010,58.27
19.04.2010,57.98
16.04.2010,59.06
15.04.2010,60.03
14.04.2010,59.81
13.04.2010,59.12
12.04.2010,58.59
09.04.2010,58.75
08.04.2010,59.09
07.04.2010,59.15
06.04.2010,59.92
05.04.2010,59.96
02.04.2010,58.82
01.04.2010,58.71
31.03.2010,57.33
30.03.2010,56.37
29.03.2010,56.3
26.03.2010,55.14
25.03.2010,54.89
24.03.2010,54.88
23.03.2010,55.81
22.03.2010,55.5
19.03.2010,55.21
18.03.2010,56.3
17.03.2010,56.65
16.03.2010,56.22
15.03.2010,54.74
12.03.2010,55.75
11.03.2010,56.32
10.03.2010,55.86
09.03.2010,55.45
08.03.2010,55.61
05.03.2010,55.59
04.03.2010,54.87
03.03.2010,55.32
02.03.2010,54.29
01.03.2010,53.47
26.02.2010,53.94
25.02.2010,52.85
24.02.2010,54.3
23.02.2010,53.98
22.02.2010,55.17
19.02.2010,55.05
18.02.2010,54.5
17.02.2010,53.35
16.02.2010,52.99
15.02.2010,50.82
12.02.2010,50.99
11.02.2010,52
10.02.2010,51.59
09.02.2010,51.3
08.02.2010,49.87
05.02.2010,49.97
04.02.2010,50.99
03.02.2010,53.34
02.02.2010,53.76
01.02.2010,52
29.01.2010,50.57
28.01.2010,51.15
27.01.2010,50.97
26.01.2010,51.78
25.01.2010,52.11
22.01.2010,51.46
21.01.2010,52.7
20.01.2010,53.49
19.01.2010,54.39
18.01.2010,54.3
15.01.2010,54.46
14.01.2010,55.16
13.01.2010,55.44
12.01.2010,56.43
11.01.2010,57.4
08.01.2010,58.29
07.01.2010,57.72
06.01.2010,58.1
05.01.2010,57.96
04.01.2010,57.97
01.01.2010,56.01
31.12.2009,56.03
30.12.2009,55.96
29.12.2009,55.97
28.12.2009,55.38
24.12.2009,54.27
23.12.2009,53.68
22.12.2009,51.84
21.12.2009,51.71
18.12.2009,52.03
17.12.2009,51.93
16.12.2009,52.58
15.12.2009,50.96
14.12.2009,50.95
11.12.2009,50.47
10.12.2009,50.2
09.12.2009,50.58
08.12.2009,52.61
07.12.2009,53.21
04.12.2009,53.77
03.12.2009,53.97
02.12.2009,53.82
01.12.2009,54.69
30.11.2009,54.02
27.11.2009,53.11
26.11.2009,52.91
25.11.2009,53.79
24.11.2009,52.58
23.11.2009,53.28
20.11.2009,53.21
19.11.2009,53.83
18.11.2009,55.15
17.11.2009,55.34
16.11.2009,54.64
13.11.2009,52.89
12.11.2009,53.42
11.11.2009,55.2
10.11.2009,54.34
09.11.2009,54.3
06.11.2009,52.97
05.11.2009,54.47
04.11.2009,55.01
03.11.2009,54.68
02.11.2009,54
30.10.2009,53.06
29.10.2009,54.96
28.10.2009,53.27
27.10.2009,54.93
26.10.2009,54.65
23.10.2009,55.41
22.10.2009,56.02
21.10.2009,56.06
20.10.2009,54.77
19.10.2009,54.85
16.10.2009,54.5
15.10.2009,53.99
14.10.2009,51.18
13.10.2009,50.83
12.10.2009,50.04
09.10.2009,49.3
08.10.2009,48.65
07.10.2009,47.2
06.10.2009,48.02
05.10.2009,47.34
02.10.2009,47.34
01.10.2009,48.04
30.09.2009,48.26
29.09.2009,45.5
28.09.2009,45.45
25.09.2009,45.18
24.09.2009,45.27
23.09.2009,47.19
22.09.2009,48.7
21.09.2009,46.96
18.09.2009,48.95
17.09.2009,49.4
16.09.2009,48.9
15.09.2009,47.04
14.09.2009,45.94
11.09.2009,45.85
10.09.2009,47.5
09.09.2009,47.51
08.09.2009,47.16
07.09.2009,45.57
04.09.2009,45.31
03.09.2009,45.84
02.09.2009,46.25
01.09.2009,46.68
31.08.2009,47.64
28.08.2009,50
27.08.2009,49.95
26.08.2009,49.53
25.08.2009,49.64
24.08.2009,51.34
21.08.2009,51.06
20.08.2009,50.48
19.08.2009,51.41
18.08.2009,49.71
17.08.2009,48.85
14.08.2009,49.48
13.08.2009,50.67
12.08.2009,50.11
11.08.2009,50.43
10.08.2009,51.28
07.08.2009,50.51
06.08.2009,51.05
05.08.2009,51.56
04.08.2009,50.25
03.08.2009,49.53
31.07.2009,48.2
30.07.2009,47
29.07.2009,44.57
28.07.2009,47.3
27.07.2009,48.03
24.07.2009,47.82
23.07.2009,47.25
22.07.2009,46.06
21.07.2009,45.65
20.07.2009,45.44
17.07.2009,44.63
16.07.2009,43.13
15.07.2009,41.95
14.07.2009,39.89
13.07.2009,39.74
10.07.2009,40.38
09.07.2009,40.49
08.07.2009,40.68
07.07.2009,42.39
06.07.2009,43.22
03.07.2009,44.09
02.07.2009,44.78
01.07.2009,46.65
30.06.2009,47.41
29.06.2009,48.44
26.06.2009,47.12
25.06.2009,48.22
24.06.2009,47.23
23.06.2009,47.87
22.06.2009,46.63
19.06.2009,50.03
18.06.2009,49.52
17.06.2009,49.97
16.06.2009,49.27
15.06.2009,48.93
12.06.2009,49.65
11.06.2009,49.85
10.06.2009,48.39
09.06.2009,47.66
08.06.2009,47.12
05.06.2009,46.92
04.06.2009,47.08
03.06.2009,45.99
02.06.2009,47.7
01.06.2009,46.65
29.05.2009,44.43
28.05.2009,43
27.05.2009,41.78
26.05.2009,41.46
25.05.2009,41.08
22.05.2009,41.15
21.05.2009,40.94
20.05.2009,41.16
19.05.2009,39.89
18.05.2009,39.84
15.05.2009,38.33
14.05.2009,40.08
13.05.2009,40.1
12.05.2009,39.82
11.05.2009,39.44
08.05.2009,40.05
07.05.2009,39.06
06.05.2009,38.82
05.05.2009,37.67
04.05.2009,37.9
01.05.2009,36.39
30.04.2009,35.27
29.04.2009,35.4
28.04.2009,35.21
27.04.2009,35.47
24.04.2009,36.61
23.04.2009,35.27
22.04.2009,35.53
21.04.2009,36.01
20.04.2009,35.72
17.04.2009,38.25
16.04.2009,38.11
15.04.2009,37.96
14.04.2009,36.99
13.04.2009,36.98
10.04.2009,37.66
09.04.2009,37.71
08.04.2009,37.27
07.04.2009,36.79
06.04.2009,37.57
03.04.2009,38.12
02.04.2009,38.01
01.04.2009,35.57
31.03.2009,35.72
30.03.2009,35.8
27.03.2009,38.03
26.03.2009,39.24
25.03.2009,38.97
24.03.2009,39.73
23.03.2009,39.22
20.03.2009,36.49
19.03.2009,36.18
18.03.2009,34.54
17.03.2009,33.91
16.03.2009,32.32
13.03.2009,31.95
12.03.2009,32.2
11.03.2009,30.16
10.03.2009,31.64
09.03.2009,32.29
06.03.2009,32.65
05.03.2009,31.74
04.03.2009,31.81
03.03.2009,31.13
02.03.2009,30.46
27.02.2009,33.36
26.02.2009,33.79
25.02.2009,32.6
24.02.2009,31.71
23.02.2009,30.74
20.02.2009,31.42
19.02.2009,31.46
18.02.2009,30.25
17.02.2009,31.17
16.02.2009,33.69
13.02.2009,34.38
12.02.2009,35.33
11.02.2009,35.01
10.02.2009,34.71
09.02.2009,36.09
06.02.2009,35.83
05.02.2009,36.05
04.02.2009,35.12
03.02.2009,34.92
02.02.2009,35.9
30.01.2009,37.89
29.01.2009,37.49
28.01.2009,37.55
27.01.2009,36.31
26.01.2009,37.6
23.01.2009,37.75
22.01.2009,35.33
21.01.2009,36.6
20.01.2009,36.49
19.01.2009,37.41
16.01.2009,38.62
15.01.2009,38.87
14.01.2009,38.73
13.01.2009,40.15
12.01.2009,39.1
09.01.2009,39.44
08.01.2009,40.51
07.01.2009,40.88
06.01.2009,42.88
05.01.2009,41.45
02.01.2009,38.83
01.01.2009,37.24
31.12.2008,37.27
30.12.2008,34.54
29.12.2008,34.55
26.12.2008,33.66
25.12.2008,32.9
24.12.2008,32.8
23.12.2008,35.77
22.12.2008,36.13
19.12.2008,37.81
18.12.2008,37.53
17.12.2008,38.99
16.12.2008,39.65
15.12.2008,39.5
12.12.2008,39.48
11.12.2008,39.58
10.12.2008,37.27
09.12.2008,37.97
08.12.2008,39.47
05.12.2008,38.21
04.12.2008,39.72
03.12.2008,41.87
02.12.2008,42.18
01.12.2008,42.84
28.11.2008,46.24
27.11.2008,46.23
26.11.2008,46.28
25.11.2008,45.2
24.11.2008,47.46
21.11.2008,45.28
20.11.2008,44.69
19.11.2008,47.06
18.11.2008,47.06
17.11.2008,47.96
14.11.2008,49.05
13.11.2008,50.91
12.11.2008,48.3
11.11.2008,50.78
10.11.2008,52.98
07.11.2008,52.27
06.11.2008,51.62
05.11.2008,54.23
04.11.2008,56.65
03.11.2008,52.65
31.10.2008,55.03
30.10.2008,52.5
29.10.2008,54.11
28.10.2008,52.41
27.10.2008,50.87
24.10.2008,52.56
23.10.2008,55.13
22.10.2008,54.12
21.10.2008,57.67
20.10.2008,59.2
17.10.2008,57.13
16.10.2008,56.51
15.10.2008,57.87
14.10.2008,60.13
13.10.2008,61.95
10.10.2008,60.01
09.10.2008,62.61
08.10.2008,66.28
07.10.2008,66.19
06.10.2008,66.16
03.10.2008,70.32
02.10.2008,71.59
01.10.2008,75.43
30.09.2008,76.83
29.09.2008,73.62
26.09.2008,80.04
25.09.2008,79.44
24.09.2008,80.17
23.09.2008,78.61
22.09.2008,80.78
19.09.2008,77.19
18.09.2008,74.35
17.09.2008,74.76
16.09.2008,73.16
15.09.2008,73.06
12.09.2008,77.35
11.09.2008,76.97
10.09.2008,77.13
09.09.2008,76.51
08.09.2008,79.8
05.09.2008,78.79
04.09.2008,79.86
03.09.2008,81.39
02.09.2008,81.82
01.09.2008,81.43
29.08.2008,84.36
28.08.2008,84.75
27.08.2008,86.89
26.08.2008,85.42
25.08.2008,84.13
22.08.2008,83.4
21.08.2008,87.94
20.08.2008,84.38
19.08.2008,83.14
18.08.2008,82.42
15.08.2008,83.07
14.08.2008,81.91
13.08.2008,82.72
12.08.2008,81.48
11.08.2008,82.48
08.08.2008,82.55
07.08.2008,85.41
06.08.2008,85.38
05.08.2008,86.6
04.08.2008,88.57
01.08.2008,90.8
31.07.2008,91.66
30.07.2008,93.85
29.07.2008,92.42
28.07.2008,94.71
25.07.2008,93.9
24.07.2008,94.8
23.07.2008,94.47
22.07.2008,97.98
21.07.2008,100.25
18.07.2008,98.4
17.07.2008,99.83
16.07.2008,102.41
15.07.2008,104.29
14.07.2008,108.32
11.07.2008,108.52
10.07.2008,107.4
09.07.2008,102.51
08.07.2008,102.01
07.07.2008,106.07
04.07.2008,107.39
03.07.2008,108.24
02.07.2008,107.64
01.07.2008,104.88
30.06.2008,103.95
27.06.2008,104.22
26.06.2008,103.63
25.06.2008,99.71
24.06.2008,101.65
23.06.2008,101.55
20.06.2008,100.43
19.06.2008,98.63
18.06.2008,102.5
17.06.2008,101.61
16.06.2008,101.4
14.06.2008,101.97
13.06.2008,102.08
12.06.2008,105.21
11.06.2008,105.21
10.06.2008,100.96
09.06.2008,102.52
06.06.2008,105.25
05.06.2008,97.11
04.06.2008,93.61
03.06.2008,96.13
02.06.2008,98.19
30.05.2008,97.28
29.05.2008,97.98
28.05.2008,101.39
27.05.2008,100.66
26.05.2008,104.84
23.05.2008,102.97
22.05.2008,104.96
21.05.2008,103.9
20.05.2008,100
19.05.2008,97.56
16.05.2008,97.99
15.05.2008,95.88
14.05.2008,95.72
13.05.2008,97.72
12.05.2008,95.08
09.05.2008,96.25
08.05.2008,92.85
07.05.2008,91.06
06.05.2008,88.66
05.05.2008,87.33
02.05.2008,84.9
01.05.2008,82.35
30.04.2008,84.18
29.04.2008,85.5
28.04.2008,86.87
25.04.2008,86.9
24.04.2008,85.82
23.04.2008,87.39
22.04.2008,87.04
21.04.2008,86.71
18.04.2008,86.09
17.04.2008,85.14
16.04.2008,85.6
15.04.2008,86.53
14.04.2008,84.59
11.04.2008,84.43
10.04.2008,84.28
09.04.2008,85.81
08.04.2008,82.38
07.04.2008,81.38
04.04.2008,79.05
03.04.2008,77.46
02.04.2008,77.97
01.04.2008,76.21
31.03.2008,76.74
28.03.2008,78.92
27.03.2008,78.97
26.03.2008,77.93
25.03.2008,75.05
24.03.2008,75.8
21.03.2008,76.64
20.03.2008,76.54
19.03.2008,77.87
18.03.2008,80.44
17.03.2008,79.03
14.03.2008,80.25
13.03.2008,82.39
12.03.2008,79.93
11.03.2008,79.03
10.03.2008,78.76
07.03.2008,78.12
06.03.2008,78.55
05.03.2008,77.71
04.03.2008,74.09
03.03.2008,74.93
29.02.2008,74.11
28.02.2008,74.74
27.02.2008,72.63
26.02.2008,73.85
25.02.2008,72.91
22.02.2008,72.62
21.02.2008,71.65
20.02.2008,72.3
19.02.2008,72.07
18.02.2008,69.64
15.02.2008,69.43
14.02.2008,69.64
13.02.2008,68.35
12.02.2008,67.57
11.02.2008,68.16
08.02.2008,66.98
07.02.2008,64.4
06.02.2008,63.9
05.02.2008,64.54
04.02.2008,65.62
01.02.2008,66.34
31.01.2008,66.68
30.01.2008,67.03
29.01.2008,67.01
28.01.2008,66.34
25.01.2008,66.21
24.01.2008,65.12
23.01.2008,64.37
22.01.2008,65.01
21.01.2008,64.94
18.01.2008,65.96
17.01.2008,65.77
16.01.2008,66.21
15.01.2008,67.35
14.01.2008,68.41
11.01.2008,67.07
10.01.2008,67.88
09.01.2008,69
08.01.2008,69.46
07.01.2008,68.68
04.01.2008,70.99
03.01.2008,71.79
02.01.2008,72.41
01.01.2008,70.23
31.12.2007,69.68
28.12.2007,69.66
27.12.2007,70.74
26.12.2007,69.69
25.12.2007,68.45
24.12.2007,68.45
21.12.2007,68.83
20.12.2007,68.43
19.12.2007,68.67
18.12.2007,67.44
17.12.2007,68.59
14.12.2007,68.85
13.12.2007,69.24
12.12.2007,69.67
11.12.2007,66.28
10.12.2007,65.44
07.12.2007,65.95
06.12.2007,66.15
05.12.2007,65.73
04.12.2007,66.35
03.12.2007,66.79
30.11.2007,66.33
29.11.2007,68.33
28.11.2007,68.63
27.11.2007,70.44
26.11.2007,71.64
23.11.2007,71.86
22.11.2007,71.25
21.11.2007,71.34
20.11.2007,71.63
19.11.2007,69.19
16.11.2007,68.71
15.11.2007,67.93
14.11.2007,68.16
13.11.2007,66.2
12.11.2007,67.92
09.11.2007,69.17
08.11.2007,69.11
07.11.2007,68.72
06.11.2007,68.94
05.11.2007,67.5
