GENESIS-Tabelle: 46421-0012;;;;;;;;;;;;;;;;;;;;;;;;;;;;;;;;;;;;;;;;
Luftfahrtbewegungen, Passagiere an Bord, Fracht und Post an;;;;;;;;;;;;;;;;;;;;;;;;;;;;;;;;;;;;;;;;
Bord (Flight Stage): Deutschland, Monate, Berichtsflughafen,;;;;;;;;;;;;;;;;;;;;;;;;;;;;;;;;;;;;;;;;
Art der Flugbewegung, Startgewichtsklassen;;;;;;;;;;;;;;;;;;;;;;;;;;;;;;;;;;;;;;;;
Verkehrsleistungsstatistik im Luftverkehr;;;;;;;;;;;;;;;;;;;;;;;;;;;;;;;;;;;;;;;;
Deutschland;;;;;;;;;;;;;;;;;;;;;;;;;;;;;;;;;;;;;;;;
;;;;;Januar;Januar;Januar;Februar;Februar;Februar;März;März;März;April;April;April;Mai;Mai;Mai;Juni;Juni;Juni;Juli;Juli;Juli;August;August;August;September;September;September;Oktober;Oktober;Oktober;November;November;November;Dezember;Dezember;Dezember
;;;;;Luftfahrtbewegungen;Passagiere an Bord;Fracht und Post an Bord;Luftfahrtbewegungen;Passagiere an Bord;Fracht und Post an Bord;Luftfahrtbewegungen;Passagiere an Bord;Fracht und Post an Bord;Luftfahrtbewegungen;Passagiere an Bord;Fracht und Post an Bord;Luftfahrtbewegungen;Passagiere an Bord;Fracht und Post an Bord;Luftfahrtbewegungen;Passagiere an Bord;Fracht und Post an Bord;Luftfahrtbewegungen;Passagiere an Bord;Fracht und Post an Bord;Luftfahrtbewegungen;Passagiere an Bord;Fracht und Post an Bord;Luftfahrtbewegungen;Passagiere an Bord;Fracht und Post an Bord;Luftfahrtbewegungen;Passagiere an Bord;Fracht und Post an Bord;Luftfahrtbewegungen;Passagiere an Bord;Fracht und Post an Bord;Luftfahrtbewegungen;Passagiere an Bord;Fracht und Post an Bord
;;;;;Anzahl;Anzahl;t;Anzahl;Anzahl;t;Anzahl;Anzahl;t;Anzahl;Anzahl;t;Anzahl;Anzahl;t;Anzahl;Anzahl;t;Anzahl;Anzahl;t;Anzahl;Anzahl;t;Anzahl;Anzahl;t;Anzahl;Anzahl;t;Anzahl;Anzahl;t;Anzahl;Anzahl;t
2011;F-FRA;Frankfurt/Main;Start;Flugzeuge bis 2 t Startgewicht;2;1;-;1;-;-;-;-;-;1;3;-;5;12;-;2;-;-;3;5;-;3;13;-;1;1;-;1;8;-;-;-;-;1;1;-
2011;F-FRA;Frankfurt/Main;Start;Flugzeuge über 2 bis 5,7 t Startgewicht;37;42;1;42;75;4;47;67;1;29;23;3;36;62;5;29;48;-;48;74;3;40;40;6;38;71;4;35;42;3;51;102;1;31;31;3
2011;F-FRA;Frankfurt/Main;Start;Flugzeuge über 5,7 bis 14 t Startgewicht;158;485;42;173;581;40;175;577;63;159;593;53;152;351;59;139;395;62;149;450;63;156;416;72;138;523;68;121;391;62;172;501;63;156;393;55
2011;F-FRA;Frankfurt/Main;Start;Flugzeuge über 14 bis 20 t Startgewicht;45;430;0;35;338;0;38;463;2;32;192;-;36;344;32;25;342;-;32;341;-;32;291;0;37;326;0;24;244;5;46;412;1;22;190;0
2011;F-FRA;Frankfurt/Main;Start;Flugzeuge über 20 bis 25 t Startgewicht;250;6787;130;222;6598;134;274;7924;136;250;6867;127;286;9228;133;244;8313;125;236;7672;140;218;6748;56;232;7939;125;213;6707;119;272;7574;145;258;7156;124
2011;F-FRA;Frankfurt/Main;Start;Flugzeuge über 25 bis 75 t Startgewicht;10197;711798;3137;9800;703395;2766;11024;852666;3368;10993;946548;3045;11625;1018368;3058;10855;1000305;2825;11370;1044283;2912;11337;1017033;2651;11080;986779;2762;11198;929147;2990;10722;804389;3095;10343;811258;3000
2011;F-FRA;Frankfurt/Main;Start;Flugzeuge über 75 bis 175 t Startgewicht;3483;381841;5619;3595;406166;5761;4238;529969;6587;4101;571590;5687;4575;647465;5632;4493;676795;6091;4475;684388;6013;4434;642848;5225;4779;697429;6021;4679;657134;5944;4140;517636;5083;3803;491918;5092
2011;F-FRA;Frankfurt/Main;Start;Flugzeuge über 175 t Startgewicht;4335;770485;83450;3931;681380;86546;4418;746297;101034;4408;786096;92852;4578;818690;94804;4462;871970;89083;4748;1071713;96721;4712;991764;87701;4606;909404;87601;4731;957008;93985;4343;769322;89035;4285;829413;86774
2011;F-FRA;Frankfurt/Main;Start;Insgesamt;18507;1871869;92379;17799;1798533;95251;20214;2137963;111191;19973;2311912;101767;21293;2494520;103723;20249;2558168;98186;21061;2808926;105852;20932;2659153;95711;20911;2602472;96581;21002;2550681;103108;19746;2099936;97423;18899;2140360;95048
2011;F-FRA;Frankfurt/Main;Landung;Flugzeuge bis 2 t Startgewicht;2;2;-;1;4;-;-;-;-;2;4;-;5;2;-;3;4;-;1;1;-;4;8;-;-;-;-;1;1;-;1;2;-;1;-;-
2011;F-FRA;Frankfurt/Main;Landung;Flugzeuge über 2 bis 5,7 t Startgewicht;36;67;0;41;88;2;40;61;1;26;32;0;35;64;1;26;44;-;36;53;2;35;52;5;35;71;1;33;30;2;53;105;-;27;52;0
2011;F-FRA;Frankfurt/Main;Landung;Flugzeuge über 5,7 bis 14 t Startgewicht;148;512;11;167;664;16;170;666;16;149;613;18;151;397;15;132;441;17;159;563;15;150;512;10;153;660;16;146;540;17;171;539;20;148;380;16
2011;F-FRA;Frankfurt/Main;Landung;Flugzeuge über 14 bis 20 t Startgewicht;43;408;0;35;312;0;37;445;-;24;196;-;35;377;42;24;342;5;30;360;0;31;333;0;34;377;0;25;285;-;40;506;1;25;258;-
2011;F-FRA;Frankfurt/Main;Landung;Flugzeuge über 20 bis 25 t Startgewicht;254;7887;77;224;6138;76;272;7387;83;242;6648;61;283;8676;77;242;7941;68;237;8029;90;220;6977;73;231;8075;71;208;7018;96;274;8060;142;257;7003;124
2011;F-FRA;Frankfurt/Main;Landung;Flugzeuge über 25 bis 75 t Startgewicht;10158;752078;1666;9798;699539;1694;11017;829218;1952;10992;942080;1762;11621;996711;1799;10832;973989;1701;11372;1091878;1810;11326;1008682;1509;11078;1011446;1643;11189;999153;1835;10728;840564;1805;10363;813052;2027
2011;F-FRA;Frankfurt/Main;Landung;Flugzeuge über 75 bis 175 t Startgewicht;3468;417937;4045;3584;404109;4601;4232;516175;5371;4082;548221;4651;4570;625036;4385;4474;634705;4804;4471;671904;4649;4427;668192;4037;4764;729567;4680;4673;709641;4667;4143;560993;3905;3815;488389;3899
2011;F-FRA;Frankfurt/Main;Landung;Flugzeuge über 175 t Startgewicht;4292;799183;75321;3921;654989;71615;4404;820341;87733;4386;820419;82910;4580;899050;81781;4451;898382;78777;4749;958247;79907;4703;994800;74339;4609;937866;77216;4729;865645;81146;4354;777960;78281;4318;780103;73220
2011;F-FRA;Frankfurt/Main;Landung;Insgesamt;18401;1978074;81120;17771;1765843;78004;20172;2174293;95156;19903;2318213;89402;21280;2530313;88100;20184;2515848;85372;21055;2731035;86473;20896;2679556;79973;20904;2688062;83627;21004;2582313;87763;19764;2188729;84154;18954;2089237;79286
2011;;Insgesamt;Start;Flugzeuge bis 2 t Startgewicht;1951;261;-;2346;205;-;3723;573;-;3886;1034;-;3985;1396;-;3858;1472;-;4283;1554;-;4611;1625;-;5831;2161;0;4819;1126;-;2715;332;-;1602;138;-
2011;;Insgesamt;Start;Flugzeuge über 2 bis 5,7 t Startgewicht;1613;1319;13;1651;1378;25;2142;1749;29;2099;1895;8;2430;2457;29;2069;2495;7;2252;2529;11;2233;2456;17;2448;2698;13;2188;2073;12;2193;1797;9;1467;1448;6
2011;;Insgesamt;Start;Flugzeuge über 5,7 bis 14 t Startgewicht;1637;10757;108;1857;12234;119;2067;14721;240;1842;13777;168;2269;17134;196;1884;13323;188;1826;12230;188;1745;11966;206;2122;16226;212;1913;13461;209;2055;13419;244;1640;8911;185
2011;;Insgesamt;Start;Flugzeuge über 14 bis 20 t Startgewicht;914;13311;107;884;14023;144;1174;20539;99;990;18728;67;1160;22907;104;1148;24358;70;1102;24779;62;982;19941;78;1198;25910;67;1146;24101;74;1091;20645;97;935;18358;32
2011;;Insgesamt;Start;Flugzeuge über 20 bis 25 t Startgewicht;3515;88306;1649;3394;89735;1615;3612;104129;1701;3182;95075;1466;3319;102993;1533;3043;95952;1476;3085;96902;1414;2755;78931;1330;2878;88985;1543;2798;80018;1409;2730;76501;1459;2417;65032;1526
2011;;Insgesamt;Start;Flugzeuge über 25 bis 75 t Startgewicht;47409;3465682;7167;46563;3471313;6686;53162;4209981;8523;52974;4572489;7418;58979;5175719;7507;55660;5041563;7110;57501;5467101;7110;56436;5172573;6846;57857;5241959;6834;57255;5017047;6671;51410;4125172;6917;47856;3966358;6800
2011;;Insgesamt;Start;Flugzeuge über 75 bis 175 t Startgewicht;14897;1627087;30484;14835;1717416;30095;17560;2178669;36970;17019;2291700;33147;19156;2582564;35213;18935;2706050;34519;19473;2971033;34430;18843;2709962;30611;20295;2890906;35375;19986;2765961;34408;16480;1980594;34150;14318;1750040;34344
2011;;Insgesamt;Start;Flugzeuge über 175 t Startgewicht;7130;1110352;136635;6523;997306;141734;7437;1105285;167463;7399;1157606;154040;7840;1210919;161252;7578;1278779;149104;7973;1576706;159830;7938;1459520;146442;7754;1346859;149389;7983;1418231;159250;7359;1121532;153921;7345;1189965;151360
2011;;Insgesamt;Start;Insgesamt;79066;6317075;176163;78053;6303610;180418;90877;7635646;215025;89391;8152304;196314;99138;9116089;205834;94175;9163992;192474;97495;10152834;203045;95543;9456974;185530;100383;9615704;193433;98088;9322018;202033;86033;7339992;196797;77580;7000250;194253
2011;;Insgesamt;Landung;Flugzeuge bis 2 t Startgewicht;1934;287;-;2305;206;-;3680;539;-;3874;931;-;3966;1249;0;3816;1229;-;4280;1308;0;4626;1323;-;5851;2074;-;4833;1046;-;2731;318;-;1603;136;0
2011;;Insgesamt;Landung;Flugzeuge über 2 bis 5,7 t Startgewicht;1591;1356;4;1620;1304;5;2097;1654;6;2068;1680;4;2457;2404;6;2064;2187;6;2252;2124;11;2249;2022;5;2437;2345;8;2184;2010;3;2193;1703;8;1464;1330;8
2011;;Insgesamt;Landung;Flugzeuge über 5,7 bis 14 t Startgewicht;1660;10784;75;1852;12152;47;2048;14936;117;1857;13795;98;2271;17400;96;1872;13552;97;1871;12231;108;1783;12170;89;2230;16815;154;1944;13804;123;2076;13669;124;1612;8877;119
2011;;Insgesamt;Landung;Flugzeuge über 14 bis 20 t Startgewicht;909;12967;103;904;13678;120;1194;20004;109;993;18220;72;1170;22464;105;1156;24080;80;1114;23325;80;1009;20147;119;1216;26272;116;1171;24337;123;1110;20952;123;967;17301;84
2011;;Insgesamt;Landung;Flugzeuge über 20 bis 25 t Startgewicht;3475;90868;1283;3381;89694;1222;3569;102034;1229;3145;92652;1015;3313;103057;1160;3016;95324;1119;3069;96920;1103;2735;80097;1036;2873;89655;1199;2776;83610;1134;2723;78384;1172;2491;65671;1110
2011;;Insgesamt;Landung;Flugzeuge über 25 bis 75 t Startgewicht;47372;3540374;5046;46560;3472182;5137;53142;4171312;6260;52915;4513263;5205;58968;5104154;5354;55658;5023302;5088;57474;5318243;5351;56437;5187056;5062;57880;5422698;4866;57321;5252266;4772;51496;4311070;4923;47891;3983349;5359
2011;;Insgesamt;Landung;Flugzeuge über 75 bis 175 t Startgewicht;14873;1727437;25982;14821;1676769;27655;17547;2140832;32501;16960;2181924;28785;19164;2470690;30238;18899;2598458;29704;19443;2733542;30185;18828;2813632;26929;20307;3031592;31408;20025;2985813;30946;16561;2193457;30761;14339;1739536;30129
2011;;Insgesamt;Landung;Flugzeuge über 175 t Startgewicht;7043;1139869;126703;6504;958303;119678;7393;1209548;150589;7362;1212008;143842;7842;1323809;145470;7541;1320295;135983;7976;1402556;138187;7899;1452493;130595;7752;1390126;135825;7959;1285627;141288;7357;1134066;138812;7397;1122314;131425
2011;;Insgesamt;Landung;Insgesamt;78857;6523942;159196;77947;6224288;153864;90670;7660859;190811;89174;8034473;179021;99151;9045227;182429;94022;9078427;172077;97479;9590249;175025;95566;9568940;163835;100546;9981577;173576;98213;9648513;178389;86247;7753619;175923;77764;6938514;168234
2012;F-FRA;Frankfurt/Main;Start;Flugzeuge bis 2 t Startgewicht;-;-;-;-;-;-;-;-;-;2;2;-;1;1;-;1;-;-;1;-;-;1;2;-;5;8;-;1;-;-;-;-;-;1;1;-
2012;F-FRA;Frankfurt/Main;Start;Flugzeuge über 2 bis 5,7 t Startgewicht;30;61;3;30;53;2;47;65;1;43;62;1;35;58;3;49;85;1;41;52;6;31;45;6;44;68;2;45;87;-;51;78;-;40;57;-
2012;F-FRA;Frankfurt/Main;Start;Flugzeuge über 5,7 bis 14 t Startgewicht;131;245;59;120;139;76;149;208;80;100;198;61;118;159;62;121;174;64;125;189;77;99;154;80;128;184;73;124;190;75;130;195;72;86;152;52
2012;F-FRA;Frankfurt/Main;Start;Flugzeuge über 14 bis 20 t Startgewicht;26;357;0;43;611;1;36;580;3;34;545;1;39;604;1;60;1204;1;43;629;0;44;832;1;42;849;1;39;669;0;13;30;-;16;139;0
2012;F-FRA;Frankfurt/Main;Start;Flugzeuge über 20 bis 25 t Startgewicht;278;7186;137;277;8077;131;273;8005;136;234;6699;110;262;8232;131;220;6842;124;192;5245;124;227;6051;149;204;6137;124;191;4804;135;244;5753;140;219;5874;86
2012;F-FRA;Frankfurt/Main;Start;Flugzeuge über 25 bis 75 t Startgewicht;10358;759478;2654;9175;677919;2400;10840;862464;2686;10600;894325;2536;11216;973526;2519;11096;983587;2420;11319;1049382;2236;11115;997653;2288;11028;980755;2320;11385;928316;2521;10447;807854;2585;9341;759843;2532
2012;F-FRA;Frankfurt/Main;Start;Flugzeuge über 75 bis 175 t Startgewicht;3575;432433;4204;3367;417163;4163;4209;559253;5332;4413;642104;4762;4948;731465;5237;4946;748383;5287;4872;801193;5126;4849;729163;4872;4823;720356;5026;4861;694872;4976;3756;472792;5286;3230;430878;4767
2012;F-FRA;Frankfurt/Main;Start;Flugzeuge über 175 t Startgewicht;4244;784899;70981;3967;703918;81407;4409;822850;89575;4417;792446;82943;4611;833280;85380;4560;895838;89936;4767;1087123;92000;4735;1005625;85631;4541;922162;88474;4512;951922;89690;4185;766630;91931;3999;811596;84513
2012;F-FRA;Frankfurt/Main;Start;Insgesamt;18642;1984659;78038;16979;1807880;88180;19963;2253425;97813;19843;2336381;90414;21230;2547325;93333;21053;2636113;97833;21360;2943813;99569;21101;2739525;93027;20815;2630519;96020;21158;2580860;97397;18826;2053332;100014;16932;2008540;91950
2012;F-FRA;Frankfurt/Main;Landung;Flugzeuge bis 2 t Startgewicht;-;-;-;-;-;-;-;-;-;2;4;-;1;-;-;2;2;-;1;-;-;1;2;-;5;10;-;-;-;-;1;2;-;1;-;-
2012;F-FRA;Frankfurt/Main;Landung;Flugzeuge über 2 bis 5,7 t Startgewicht;26;46;-;27;53;-;52;85;-;39;69;-;30;60;-;36;83;-;35;72;-;28;58;-;41;75;-;51;91;-;46;83;-;37;58;-
2012;F-FRA;Frankfurt/Main;Landung;Flugzeuge über 5,7 bis 14 t Startgewicht;115;261;20;92;116;19;129;178;15;79;173;15;123;206;20;117;202;18;121;236;15;94;171;14;125;242;17;135;267;17;115;185;18;78;130;15
2012;F-FRA;Frankfurt/Main;Landung;Flugzeuge über 14 bis 20 t Startgewicht;29;441;0;41;634;1;41;650;1;35;592;0;40;532;2;60;1241;0;42;651;0;47;966;0;46;857;0;38;735;0;18;69;-;17;110;0
2012;F-FRA;Frankfurt/Main;Landung;Flugzeuge über 20 bis 25 t Startgewicht;274;7813;129;277;7677;125;274;8016;132;233;6847;108;256;7561;130;216;6755;123;189;5386;122;227;6563;146;202;5937;122;196;4765;131;245;5919;142;223;5752;80
2012;F-FRA;Frankfurt/Main;Landung;Flugzeuge über 25 bis 75 t Startgewicht;10318;790208;1629;9161;671994;1700;10820;834767;1900;10590;893940;1647;11205;923379;1647;11087;983492;1691;11304;1063326;1583;11107;1009575;1532;11017;1003978;1565;11366;998002;1710;10429;837231;1717;9359;746420;1777
2012;F-FRA;Frankfurt/Main;Landung;Flugzeuge über 75 bis 175 t Startgewicht;3555;464391;3117;3373;412327;3223;4192;538211;3827;4410;641825;3489;4944;686272;3888;4934;740570;3972;4871;762030;3727;4849;763760;3604;4802;745822;3708;4862;754325;3826;3757;517615;4018;3228;432247;3690
2012;F-FRA;Frankfurt/Main;Landung;Flugzeuge über 175 t Startgewicht;4217;812971;63012;3960;685365;65836;4410;853485;80377;4422;877736;74708;4605;914003;72783;4558;957308;73587;4773;950179;72342;4738;1036305;70146;4535;952567;74364;4515;860617;74419;4170;762180;80401;4056;770420;74009
2012;F-FRA;Frankfurt/Main;Landung;Insgesamt;18534;2076131;67907;16931;1778166;70904;19918;2235392;86252;19810;2421186;79967;21204;2532013;78470;21010;2689653;79391;21336;2781880;77789;21091;2817400;75442;20773;2709488;79776;21163;2618802;80103;18781;2123284;86296;16999;1955137;79571
2012;;Insgesamt;Start;Flugzeuge bis 2 t Startgewicht;2736;127;-;3167;177;-;5226;458;-;4416;812;0;4747;1394;0;4197;1520;0;4171;1490;-;5048;1790;0;4259;1655;0;3937;1062;0;2754;270;0;1661;148;0
2012;;Insgesamt;Start;Flugzeuge über 2 bis 5,7 t Startgewicht;1736;1529;5;1537;1523;12;1924;1801;28;1936;1701;7;2131;2424;8;2001;2280;3;1816;3554;11;1931;2777;9;2314;2355;3;1963;1826;5;1694;1463;14;1456;1340;21
2012;;Insgesamt;Start;Flugzeuge über 5,7 bis 14 t Startgewicht;1339;6525;165;1337;5308;197;1483;6713;149;1184;6737;120;1624;8484;162;1534;7883;172;1255;5023;218;1214;4434;209;1472;7135;197;1323;6997;211;1304;5911;158;971;4656;114
2012;;Insgesamt;Start;Flugzeuge über 14 bis 20 t Startgewicht;876;15471;85;837;15234;151;1091;21710;126;882;17752;117;1073;20967;77;1076;22037;77;876;18655;72;790;16666;70;1061;24064;65;1040;21836;73;964;16473;122;781;13250;104
2012;;Insgesamt;Start;Flugzeuge über 20 bis 25 t Startgewicht;2362;60110;1426;2350;63272;1543;2467;71506;1578;2301;66160;1400;2478;74696;1557;2510;73605;1513;2549;72610;1497;2229;61777;1460;2407;74040;1429;2609;71868;1503;2224;55872;1428;1781;45198;1267
2012;;Insgesamt;Start;Flugzeuge über 25 bis 75 t Startgewicht;47248;3670700;6291;46249;3655323;6427;52541;4442583;6810;51927;4567285;6165;56332;5065185;6329;55901;5026379;6141;57111;5418206;6011;54753;5099936;6247;55495;5200754;6108;56464;4989956;6662;49118;4005540;6705;43436;3713347;6535
2012;;Insgesamt;Start;Flugzeuge über 75 bis 175 t Startgewicht;13609;1561682;29994;13586;1651749;31311;17055;2212338;36280;17384;2335818;33153;20088;2816190;35739;20723;2928984;35802;20696;3206317;34650;20755;2984261;32492;20935;3019359;34278;21203;2922409;35684;16466;2016522;36492;13976;1782766;33807
2012;;Insgesamt;Start;Flugzeuge über 175 t Startgewicht;7213;1140936;126019;6729;1045115;141915;7492;1220421;156870;7413;1155808;143228;7847;1252845;149057;7813;1323901;155132;8139;1633180;159473;8081;1495116;149103;7833;1396293;153335;7765;1407794;157726;7105;1114702;158478;6755;1169506;145005
2012;;Insgesamt;Start;Insgesamt;77119;6457080;163985;75792;6437701;181556;89279;7977530;201841;87443;8152073;184190;96320;9242185;192929;95755;9386589;198840;96613;10359035;201932;94801;9666757;189590;95776;9725655;195415;96304;9423748;201864;81629;7216753;203397;70817;6730211;186853
2012;;Insgesamt;Landung;Flugzeuge bis 2 t Startgewicht;2759;120;0;3178;152;0;5244;369;-;4409;669;0;4747;1133;-;4167;1287;-;4182;1217;0;5042;1566;0;4216;1516;0;3949;1017;-;2749;257;0;1654;129;-
2012;;Insgesamt;Landung;Flugzeuge über 2 bis 5,7 t Startgewicht;1716;1366;0;1537;1408;12;1939;1728;6;1911;1442;0;2140;2090;0;1963;2001;1;1794;3136;1;1914;2210;3;2299;2247;0;1961;1859;3;1658;1459;15;1442;1236;15
2012;;Insgesamt;Landung;Flugzeuge über 5,7 bis 14 t Startgewicht;1379;6568;90;1351;5361;105;1515;6441;91;1180;6622;51;1620;8311;59;1555;7967;78;1243;5340;68;1253;4496;66;1479;7546;72;1373;7180;69;1317;6306;64;976;4959;56
2012;;Insgesamt;Landung;Flugzeuge über 14 bis 20 t Startgewicht;886;16833;81;854;15199;73;1087;21052;98;893;17744;56;1103;20273;69;1071;21656;80;892;18330;66;816;17015;52;1074;23788;68;1051;21931;74;981;16594;111;781;12667;82
2012;;Insgesamt;Landung;Flugzeuge über 20 bis 25 t Startgewicht;2335;61425;1113;2325;61220;1058;2447;68417;1161;2288;68546;1041;2471;71862;1150;2482;73114;1077;2530;75808;1074;2222;62168;1058;2380;73420;1097;2597;74463;1140;2207;55933;1082;1752;42835;915
2012;;Insgesamt;Landung;Flugzeuge über 25 bis 75 t Startgewicht;47200;3731396;4970;46249;3633149;5301;52489;4346750;5728;51903;4604906;4736;56262;4879886;5052;55877;5022896;4870;57088;5307897;4853;54744;5162599;4900;55506;5333487;4690;56567;5243139;5062;49207;4175275;5194;43454;3683082;4872
2012;;Insgesamt;Landung;Flugzeuge über 75 bis 175 t Startgewicht;13580;1657138;26972;13589;1606077;28527;17001;2110050;32502;17394;2332793;28690;20046;2612964;31610;20686;2860209;31734;20667;2958864;29578;20738;3125850;28717;20931;3147730;30941;21254;3181216;32277;16568;2241946;32488;13988;1779354;29873
2012;;Insgesamt;Landung;Flugzeuge über 175 t Startgewicht;7140;1172735;115128;6713;1007729;118518;7498;1262864;143972;7413;1284292;132202;7830;1349560;131059;7798;1424601;129170;8143;1410259;130943;8078;1539054;128603;7831;1431155;135240;7751;1280247;135762;7097;1112248;144541;6845;1112279;130968
2012;;Insgesamt;Landung;Insgesamt;76995;6647581;148354;75796;6330295;153594;89220;7817671;183558;87391;8317014;166776;96219;8946079;168999;95599;9413731;167010;96539;9780851;166583;94807;9914958;163399;95716;10020889;172108;96503;9811052;174387;81784;7610018;183495;70892;6636541;166781
2013;F-FRA;Frankfurt/Main;Start;Flugzeuge bis 2 t Startgewicht;1;4;-;-;-;-;-;-;-;1;2;-;2;6;-;-;-;-;-;-;-;2;6;-;-;-;-;-;-;-;-;-;-;-;-;-
2013;F-FRA;Frankfurt/Main;Start;Flugzeuge über 2 bis 5,7 t Startgewicht;34;66;-;46;66;-;56;130;-;42;70;-;42;69;-;38;56;-;40;78;0;38;67;-;51;100;0;35;56;-;47;83;-;35;56;-
2013;F-FRA;Frankfurt/Main;Start;Flugzeuge über 5,7 bis 14 t Startgewicht;117;184;62;93;150;66;122;208;70;130;206;75;115;195;67;128;252;70;119;236;70;130;255;65;119;263;56;111;146;61;110;201;55;97;138;45
2013;F-FRA;Frankfurt/Main;Start;Flugzeuge über 14 bis 20 t Startgewicht;21;205;1;17;81;0;32;152;0;12;67;0;21;79;0;25;63;-;20;94;0;10;19;-;17;45;-;18;39;-;20;198;0;14;159;0
2013;F-FRA;Frankfurt/Main;Start;Flugzeuge über 20 bis 25 t Startgewicht;234;6597;9;261;7548;12;220;6885;9;292;8907;2;296;9101;3;247;8190;3;214;6501;3;195;5720;4;192;6725;3;187;6278;3;131;3698;7;119;3163;2
2013;F-FRA;Frankfurt/Main;Start;Flugzeuge über 25 bis 75 t Startgewicht;9590;702658;2311;9434;721014;2293;10140;881916;2480;10812;920135;2420;11404;1042143;2318;11464;1057648;2328;11733;1117419;2318;11329;1083526;2114;11571;1086021;2251;11645;1041587;2383;10538;876780;2536;9592;815620;2549
2013;F-FRA;Frankfurt/Main;Start;Flugzeuge über 75 bis 175 t Startgewicht;3373;414868;4383;3077;396123;4341;3494;510996;4590;3953;572356;4499;4424;694535;4527;4396;688066;4631;4618;755153;4392;4619;724847;3992;4470;690320;4206;4581;682038;5003;3670;480145;4715;3299;449072;3907
2013;F-FRA;Frankfurt/Main;Start;Flugzeuge über 175 t Startgewicht;3965;769859;71403;3662;690870;76497;4267;847190;97943;4111;765561;85349;4362;814063;85539;4439;893832;93810;4633;1072091;89569;4650;1042345;85894;4465;937962;87454;4375;950877;92388;4094;762443;96568;3929;803020;86638
2013;F-FRA;Frankfurt/Main;Start;Insgesamt;17335;1894441;78169;16590;1815852;83209;18331;2247477;105092;19353;2267304;92345;20666;2560191;92454;20737;2648107;100842;21377;2951572;96352;20973;2856785;92069;20885;2721436;93970;20952;2681021;99838;18610;2123548;103881;17085;2071228;93141
2013;F-FRA;Frankfurt/Main;Landung;Flugzeuge bis 2 t Startgewicht;1;2;-;-;-;-;1;1;-;1;2;-;1;-;-;-;-;-;2;6;-;1;-;-;-;-;-;-;-;-;-;-;-;-;-;-
2013;F-FRA;Frankfurt/Main;Landung;Flugzeuge über 2 bis 5,7 t Startgewicht;33;56;-;59;96;-;52;120;-;53;107;-;48;83;-;35;46;-;37;75;-;39;83;-;55;110;-;30;54;-;56;98;2;34;63;-
2013;F-FRA;Frankfurt/Main;Landung;Flugzeuge über 5,7 bis 14 t Startgewicht;98;157;14;85;169;20;113;207;18;116;188;15;99;196;17;135;294;16;114;226;16;120;209;20;146;285;31;115;181;18;119;231;15;91;172;11
2013;F-FRA;Frankfurt/Main;Landung;Flugzeuge über 14 bis 20 t Startgewicht;22;228;2;17;76;0;28;121;0;13;77;0;23;106;0;21;88;-;13;67;0;12;43;-;23;85;-;19;47;-;20;227;1;13;155;0
2013;F-FRA;Frankfurt/Main;Landung;Flugzeuge über 20 bis 25 t Startgewicht;255;6845;63;279;7817;65;235;7094;55;307;8854;58;306;8594;53;263;8405;68;232;6961;69;206;5932;66;206;6437;68;205;6430;77;145;3805;73;131;3235;61
2013;F-FRA;Frankfurt/Main;Landung;Flugzeuge über 25 bis 75 t Startgewicht;9522;739992;1526;9387;713474;1561;10101;838764;1648;10810;940118;1534;11387;980013;1545;11438;1080509;1582;11725;1102599;1577;11326;1094131;1444;11555;1117350;1574;11655;1106902;1771;10548;909159;1931;9613;805746;1897
2013;F-FRA;Frankfurt/Main;Landung;Flugzeuge über 75 bis 175 t Startgewicht;3352;443458;3257;3059;394432;3238;3481;487002;3618;3946;571699;3526;4419;651275;3799;4391;699244;3538;4610;708220;3686;4625;771223;3261;4465;724985;3332;4580;737855;3975;3671;528403;3830;3311;448528;3283
2013;F-FRA;Frankfurt/Main;Landung;Flugzeuge über 175 t Startgewicht;3903;780330;64222;3643;664425;65360;4261;863536;81793;4116;865316;73717;4360;912105;73405;4441;946913;76675;4634;942066;74900;4651;1054995;74303;4483;966560;76822;4379;853539;77353;4084;755426;84301;3990;753488;77606
2013;F-FRA;Frankfurt/Main;Landung;Insgesamt;17186;1971068;69084;16529;1780489;70244;18272;2196845;87132;19362;2386361;78850;20643;2552372;78819;20724;2735499;81879;21367;2760220;80248;20980;2926616;79094;20933;2815812;81827;20983;2705008;83194;18643;2197349;90153;17183;2011387;82858
2013;;Insgesamt;Start;Flugzeuge bis 2 t Startgewicht;1617;138;0;2010;256;0;3774;471;0;4539;950;0;4765;1414;0;5402;1836;0;5407;1838;0;4025;1672;0;3687;1309;0;3086;890;0;1977;251;0;1626;147;0
2013;;Insgesamt;Start;Flugzeuge über 2 bis 5,7 t Startgewicht;1540;1405;10;1418;1352;22;1711;1595;1;2105;1764;0;1918;1971;1;2108;2206;2;2295;2558;3;1904;2116;0;1749;1978;1;1591;1622;13;1429;1570;9;1093;1417;4
2013;;Insgesamt;Start;Flugzeuge über 5,7 bis 14 t Startgewicht;994;4879;138;957;4753;133;1213;5106;159;1415;5979;160;1340;5740;152;1520;6789;161;1209;5516;205;1158;5076;146;1130;6887;167;1135;5877;225;1230;6484;187;887;4503;145
2013;;Insgesamt;Start;Flugzeuge über 14 bis 20 t Startgewicht;648;9461;123;640;9991;102;746;12041;104;551;7669;116;582;8011;118;743;11106;130;652;10724;105;657;12030;97;531;8289;113;508;7407;102;525;7595;72;324;4043;74
2013;;Insgesamt;Start;Flugzeuge über 20 bis 25 t Startgewicht;1742;40305;1252;1576;37598;1143;1682;43040;1300;2082;54235;1292;2120;58799;1229;2127;59132;1296;2338;70637;1357;2092;66355;1266;2530;83331;1314;2362;68893;1466;1559;35978;1258;1464;32486;1272
2013;;Insgesamt;Start;Flugzeuge über 25 bis 75 t Startgewicht;43211;3362876;6466;42727;3471057;6065;47399;4299590;6716;50448;4484425;6594;53987;5113820;6499;54487;5200755;6489;55353;5401080;6424;52674;5167525;6388;54912;5295910;6441;54898;5092904;7177;47807;4068110;7334;42813;3773627;6983
2013;;Insgesamt;Start;Flugzeuge über 75 bis 175 t Startgewicht;13891;1625324;32996;13550;1713689;31076;16398;2300513;34689;18287;2457248;34597;20189;2935618;35000;20296;2963971;35115;21335;3269625;35455;20823;3106595;30772;21201;3109081;33902;21399;3007879;36871;16605;2022796;35795;14608;1873566;33813
2013;;Insgesamt;Start;Flugzeuge über 175 t Startgewicht;6806;1120904;128585;6197;1020758;132491;7254;1263130;166039;7034;1131143;147664;7579;1228554;147048;7638;1342055;157609;7917;1603679;153303;7966;1572251;144457;7675;1420948;148809;7627;1438810;159043;6948;1128914;162772;6708;1196465;148430
2013;;Insgesamt;Start;Insgesamt;70449;6165292;169570;69075;6259454;171032;80177;7925486;209008;86461;8143413;190423;92480;9353927;190047;94321;9587850;200802;96506;10365657;196852;91299;9933620;183126;93415;9927733;190747;92606;9624282;204897;78080;7271698;207427;69523;6886254;190721
2013;;Insgesamt;Landung;Flugzeuge bis 2 t Startgewicht;1622;136;-;2006;231;-;3601;425;-;3989;844;-;4771;1212;-;5398;1671;0;5496;1713;-;4005;1452;-;3666;1128;-;3362;835;-;1956;237;-;1586;115;0
2013;;Insgesamt;Landung;Flugzeuge über 2 bis 5,7 t Startgewicht;1534;1332;14;1404;1236;17;1853;1478;0;2117;1778;0;1914;1753;0;2099;2008;1;2269;2268;1;1906;1816;0;1752;1866;0;1618;1605;1;1463;1618;6;1068;1256;0
2013;;Insgesamt;Landung;Flugzeuge über 5,7 bis 14 t Startgewicht;1018;5008;44;953;4852;42;1193;5208;86;1413;5882;56;1350;5894;63;1525;6716;64;1195;5730;58;1175;5014;60;1237;7119;128;1158;6765;70;1190;6644;73;868;4689;75
2013;;Insgesamt;Landung;Flugzeuge über 14 bis 20 t Startgewicht;656;9889;76;655;9976;72;740;11119;79;562;8165;83;585;7607;98;744;11419;98;669;11076;89;677;12137;71;559;9247;71;518;7802;71;526;7804;89;318;3743;76
2013;;Insgesamt;Landung;Flugzeuge über 20 bis 25 t Startgewicht;1742;42310;984;1561;37711;935;1680;42027;1009;2080;55672;1020;2114;57056;957;2115;59599;995;2330;71594;1002;2074;66458;933;2526;83767;1070;2352;69516;1189;1573;36808;1012;1432;32279;990
2013;;Insgesamt;Landung;Flugzeuge über 25 bis 75 t Startgewicht;43293;3472604;4919;42841;3444407;4809;47500;4170699;5177;50430;4581361;4996;53920;4911742;4979;54473;5207807;5119;55356;5319048;4995;52685;5177706;4934;54941;5445248;5026;55024;5351941;5469;47914;4248407;5943;42845;3741010;5604
2013;;Insgesamt;Landung;Flugzeuge über 75 bis 175 t Startgewicht;13877;1706663;28963;13547;1662337;28005;16407;2163929;30925;18278;2450554;29532;20139;2753513;30054;20298;2923666;30470;21287;3039952;30597;20836;3216937;27361;21216;3240255;29552;21447;3273025;32556;16705;2251127;31207;14579;1840562;28679
2013;;Insgesamt;Landung;Flugzeuge über 175 t Startgewicht;6708;1132889;120131;6182;974817;116083;7264;1291576;144304;7032;1269029;131432;7557;1365389;130449;7631;1411920;132982;7909;1393173;133381;7961;1587917;129366;7677;1453493;133868;7633;1307445;137343;6931;1124553;145489;6800;1118472;134966
2013;;Insgesamt;Landung;Insgesamt;70450;6370831;155131;69149;6135567;149963;80238;7686461;181580;85901;8373285;167119;92350;9104166;166600;94283;9624806;169729;96511;9844554;170123;91319;10069437;162725;93574;10242123;169715;93112;10018934;176699;78258;7677198;183819;69496;6742126;170390
2014;F-FRA;Frankfurt/Main;Start;Flugzeuge bis 2 t Startgewicht;-;-;-;-;-;-;3;2;-;-;-;-;1;-;-;-;-;-;-;-;-;1;-;-;1;7;-;-;-;-;-;-;-;-;-;-
2014;F-FRA;Frankfurt/Main;Start;Flugzeuge über 2 bis 5,7 t Startgewicht;41;89;0;40;62;-;48;100;-;50;90;-;43;66;-;44;86;-;43;90;-;39;75;-;42;93;-;41;60;-;42;68;-;40;68;-
2014;F-FRA;Frankfurt/Main;Start;Flugzeuge über 5,7 bis 14 t Startgewicht;88;142;54;97;164;47;82;122;57;93;127;56;103;192;53;103;178;53;108;161;70;111;162;55;109;156;64;120;163;60;102;175;53;87;138;43
2014;F-FRA;Frankfurt/Main;Start;Flugzeuge über 14 bis 20 t Startgewicht;15;78;0;19;100;-;20;142;1;22;82;0;11;30;0;16;39;-;18;123;0;18;39;-;18;24;-;33;74;-;17;61;-;18;89;0
2014;F-FRA;Frankfurt/Main;Start;Flugzeuge über 20 bis 25 t Startgewicht;145;3839;4;126;3499;3;144;3964;3;148;4470;1;159;4764;2;204;6504;1;182;5624;1;163;5396;1;197;6931;1;205;6228;2;162;4667;5;174;4946;2
2014;F-FRA;Frankfurt/Main;Start;Flugzeuge über 25 bis 75 t Startgewicht;10271;803940;2366;9565;775801;2221;10738;929418;2603;10099;927894;2037;11507;1089416;2388;11182;1104791;2163;11360;1146653;2160;11182;1169254;1982;11253;1131242;2210;11065;1044235;2350;9908;881998;2593;8634;785112;2511
2014;F-FRA;Frankfurt/Main;Start;Flugzeuge über 75 bis 175 t Startgewicht;3025;372568;3667;3040;381654;3578;3551;496665;4251;4030;616536;4132;4535;699166;4735;4578;722836;4508;4668;770507;4663;4738;777097;4177;4683;734712;4535;4594;680542;4877;3702;490309;4592;3286;447929;4052
2014;F-FRA;Frankfurt/Main;Start;Flugzeuge über 175 t Startgewicht;3971;770324;75156;3603;684935;81027;4216;772962;97437;4097;795712;80191;4543;843665;89427;4539;903388;83452;4768;1078275;87485;4836;1109281;87114;4623;980492;83932;4556;983924;88940;4299;799401;94966;3963;796495;82913
2014;F-FRA;Frankfurt/Main;Start;Insgesamt;17556;1950980;81247;16490;1846215;86876;18802;2203375;104352;18539;2344911;86417;20902;2637299;96605;20666;2737822;90177;21147;3001433;94379;21088;3061304;93329;20926;2853657;90742;20614;2715226;96229;18232;2176679;102209;16202;2034777;89521
2014;F-FRA;Frankfurt/Main;Landung;Flugzeuge bis 2 t Startgewicht;-;-;-;-;-;-;3;2;-;-;-;-;1;-;-;1;4;-;1;-;-;1;-;-;1;8;-;-;-;-;-;-;-;-;-;-
2014;F-FRA;Frankfurt/Main;Landung;Flugzeuge über 2 bis 5,7 t Startgewicht;42;79;-;46;91;-;41;98;-;55;82;-;44;78;-;43;88;-;38;79;-;42;79;-;37;87;-;50;98;-;42;68;-;35;57;0
2014;F-FRA;Frankfurt/Main;Landung;Flugzeuge über 5,7 bis 14 t Startgewicht;100;154;14;86;143;14;98;142;12;95;176;16;119;208;18;115;237;16;105;200;28;108;174;24;118;214;21;131;209;27;105;195;20;92;145;18
2014;F-FRA;Frankfurt/Main;Landung;Flugzeuge über 14 bis 20 t Startgewicht;18;137;0;22;99;0;16;166;0;21;112;0;12;57;0;23;70;-;17;124;0;19;59;-;30;79;-;34;114;-;25;77;-;15;78;0
2014;F-FRA;Frankfurt/Main;Landung;Flugzeuge über 20 bis 25 t Startgewicht;159;4065;78;141;3689;71;159;4143;66;161;4520;76;174;4903;76;217;6688;54;200;6018;77;180;5426;55;217;6790;67;223;6482;72;175;4764;75;186;5322;64
2014;F-FRA;Frankfurt/Main;Landung;Flugzeuge über 25 bis 75 t Startgewicht;10220;849056;1673;9563;772390;1670;10713;922193;1777;10097;911279;1454;11492;1045555;1641;11165;1115885;1456;11345;1132093;1529;11186;1149322;1519;11243;1175200;1573;11061;1107680;1637;9902;920940;1810;8661;771434;1865
2014;F-FRA;Frankfurt/Main;Landung;Flugzeuge über 75 bis 175 t Startgewicht;3015;406403;2842;3033;383201;2768;3544;502640;3329;4036;600931;3144;4528;663412;3346;4574;739516;3092;4645;724846;3594;4737;795673;3047;4683;787810;3682;4613;751034;4189;3703;543023;3565;3301;447756;3220
2014;F-FRA;Frankfurt/Main;Landung;Flugzeuge über 175 t Startgewicht;3913;787629;72897;3602;654974;66078;4223;850955;89383;4094;835279;77969;4529;950277;81210;4545;965573;80680;4758;977031;79097;4832;1088920;79370;4626;1040563;79624;4559;880482;82765;4295;786688;91392;4027;745551;78637
2014;F-FRA;Frankfurt/Main;Landung;Insgesamt;17467;2047523;77504;16493;1814587;70601;18797;2280339;94567;18559;2352379;82659;20899;2664490;86291;20683;2828061;85298;21109;2840391;84325;21105;3039653;84015;20955;3010751;84967;20671;2746099;88690;18247;2255755;96862;16317;1970343;83804
2014;;Insgesamt;Start;Flugzeuge bis 2 t Startgewicht;1928;171;0;2847;205;0;3547;275;0;3485;645;0;3517;1605;0;3398;1336;0;3508;1521;0;3221;1545;0;3073;981;0;2463;1015;2;1911;331;0;870;86;0
2014;;Insgesamt;Start;Flugzeuge über 2 bis 5,7 t Startgewicht;1312;1334;4;1427;1211;1;1448;1529;1;1427;1561;2;1630;2253;3;1783;2244;1;1843;2362;1;1671;1957;2;1709;2473;2;1621;1969;0;1447;1758;4;1290;1687;2
2014;;Insgesamt;Start;Flugzeuge über 5,7 bis 14 t Startgewicht;1051;5343;147;1083;5760;149;1187;6637;153;1111;6899;156;1184;7813;140;1503;8017;171;1451;7480;196;1279;5786;147;1578;7870;177;1456;8415;168;1462;8252;153;1141;6588;136
2014;;Insgesamt;Start;Flugzeuge über 14 bis 20 t Startgewicht;329;4167;64;336;3770;39;395;4413;69;388;5439;56;416;5639;55;499;5493;78;447;4987;122;430;4881;83;527;5442;127;486;5002;139;441;3778;174;364;3319;192
2014;;Insgesamt;Start;Flugzeuge über 20 bis 25 t Startgewicht;1550;32026;1234;1494;35045;1098;1626;40608;1177;1304;33860;1187;1336;34869;1102;1565;41622;1098;1694;50306;1155;1561;46834;1065;1683;46000;1186;1668;45176;1223;1675;40757;1279;1575;35993;1449
2014;;Insgesamt;Start;Flugzeuge über 25 bis 75 t Startgewicht;43715;3512861;7034;42761;3598283;6440;48554;4265969;7697;48480;4569500;6748;54718;5209866;6972;54251;5291699;6433;55544;5626478;6950;53560;5515809;6688;55408;5456790;6900;54517;5213636;7168;47455;4212788;6558;43090;3947390;6882
2014;;Insgesamt;Start;Flugzeuge über 75 bis 175 t Startgewicht;14249;1650993;32612;14416;1787288;30498;16805;2200149;36084;18207;2624108;33945;20849;2962518;35736;20830;3013708;34201;21411;3325620;35366;21253;3299561;30575;21994;3251604;33763;21764;3096228;36034;17178;2144201;36332;14959;1933745;35462
2014;;Insgesamt;Start;Flugzeuge über 175 t Startgewicht;6836;1148492;132370;6192;1051169;138863;7179;1175470;167027;7037;1211475;143077;7748;1279094;155183;7714;1363063;147333;8205;1636126;156953;8170;1688641;150299;7924;1485174;150288;7937;1504668;162010;7289;1194599;166492;6873;1210714;150886
2014;;Insgesamt;Start;Insgesamt;70970;6355387;173465;70556;6482731;177088;80741;7695050;212208;81439;8453487;185171;91398;9503657;199191;91543;9727182;189315;94103;10654880;200743;91145;10565014;188859;93896;10256334;192443;91912;9876109;206744;78858;7606464;210992;70162;7139522;195009
2014;;Insgesamt;Landung;Flugzeuge bis 2 t Startgewicht;1915;126;1;2826;194;-;3536;271;0;3473;545;-;3514;1468;0;3354;1182;-;3444;1341;0;3206;1329;-;3031;898;-;2424;937;-;1829;327;-;862;83;-
2014;;Insgesamt;Landung;Flugzeuge über 2 bis 5,7 t Startgewicht;1306;1246;2;1425;1146;4;1398;1466;1;1430;1409;2;1617;2130;0;1794;2111;0;1829;1964;2;1694;1807;1;1706;2367;3;1635;1818;3;1480;1690;1;1293;1494;4
2014;;Insgesamt;Landung;Flugzeuge über 5,7 bis 14 t Startgewicht;1049;5321;54;1076;5925;58;1219;6902;58;1107;7055;62;1250;8204;54;1521;8317;55;1491;7799;76;1322;6116;59;1649;8070;89;1505;8701;97;1532;8677;83;1170;6880;69
2014;;Insgesamt;Landung;Flugzeuge über 14 bis 20 t Startgewicht;344;4423;75;340;3714;90;401;4365;100;388;5414;88;417;5708;83;524;5659;82;444;5034;113;426;4914;109;532;5648;125;508;5232;139;462;4041;163;358;3272;180
2014;;Insgesamt;Landung;Flugzeuge über 20 bis 25 t Startgewicht;1546;31944;988;1492;33976;889;1613;40150;938;1291;33824;934;1343;34884;951;1567;43257;919;1671;49152;1002;1557;45359;914;1688;47133;976;1666;46105;1044;1667;41897;984;1560;37367;1191
2014;;Insgesamt;Landung;Flugzeuge über 25 bis 75 t Startgewicht;43633;3620847;5665;42744;3549164;5447;48533;4262272;6137;48412;4503971;5191;54686;5072541;5296;54233;5401097;4964;55503;5341573;5579;53617;5513742;5348;55501;5700216;5807;54667;5448279;5341;47548;4413341;5074;43085;3890893;5477
2014;;Insgesamt;Landung;Flugzeuge über 75 bis 175 t Startgewicht;14235;1757570;27991;14388;1725027;27529;16775;2192530;30443;18131;2489998;28371;20803;2805444;29621;20819;3075068;27141;21294;2923466;29885;21270;3371298;25474;21992;3461907;29150;21881;3380056;31041;17257;2377118;31712;14977;1887863;30335
2014;;Insgesamt;Landung;Flugzeuge über 175 t Startgewicht;6746;1175066;129052;6176;990779;114252;7180;1297439;152352;7046;1276248;137593;7724;1439618;142096;7715;1455245;140352;8186;1455126;141928;8175;1655209;137930;7923;1573164;140844;7917;1355955;147068;7275;1183931;157518;6948;1133193;139048
2014;;Insgesamt;Landung;Insgesamt;70774;6596543;163828;70467;6309925;148269;80655;7805395;190029;81278;8318464;172241;91354;9369997;178101;91527;9991936;173513;93862;9785455;178585;91267;10599774;169835;94022;10799403;176994;92203;10247083;184733;79050;8031022;195535;70253;6961045;176304
2015;F-FRA;Frankfurt/Main;Start;Flugzeuge bis 2 t Startgewicht;-;-;-;-;-;-;-;-;-;1;6;-;1;2;-;2;-;-;-;-;-;1;-;-;-;-;-;-;-;-;-;-;-;1;-;-
2015;F-FRA;Frankfurt/Main;Start;Flugzeuge über 2 bis 5,7 t Startgewicht;38;54;-;36;67;1;37;76;-;30;51;-;41;90;-;43;82;0;36;64;-;25;43;-;33;55;0;38;70;-;55;93;-;35;49;-
2015;F-FRA;Frankfurt/Main;Start;Flugzeuge über 5,7 bis 14 t Startgewicht;82;130;52;86;101;54;109;189;64;94;152;56;93;152;51;120;282;67;105;213;72;80;94;58;100;174;60;117;190;58;122;243;58;88;144;41
2015;F-FRA;Frankfurt/Main;Start;Flugzeuge über 14 bis 20 t Startgewicht;19;50;-;13;71;0;19;53;-;27;69;-;31;85;-;27;109;-;27;97;0;18;199;0;36;233;0;29;105;0;40;197;0;27;165;0
2015;F-FRA;Frankfurt/Main;Start;Flugzeuge über 20 bis 25 t Startgewicht;171;4667;2;199;5349;1;208;5939;0;226;6989;1;213;7111;1;237;7888;0;250;8561;1;233;8160;1;220;7663;0;203;6338;1;143;3237;0;129;2920;2
2015;F-FRA;Frankfurt/Main;Start;Flugzeuge über 25 bis 75 t Startgewicht;9504;780097;2513;9118;808104;2200;9953;933474;2481;10520;1005018;2037;10985;1103266;2045;10900;1097596;2130;11312;1187351;2111;10914;1156666;1903;10675;1070522;1999;10887;1061093;2271;8473;727192;2085;8751;777473;2350
2015;F-FRA;Frankfurt/Main;Start;Flugzeuge über 75 bis 175 t Startgewicht;3176;385833;3596;3053;404300;3663;3631;529261;4108;4517;666534;4359;5025;798058;4280;4926;778031;4172;5080;852060;4396;5128;838304;3652;5060;784631;4165;5083;748582;4263;3509;462483;4048;3537;475723;4114
2015;F-FRA;Frankfurt/Main;Start;Flugzeuge über 175 t Startgewicht;4127;793933;73749;3734;720515;77791;4315;841945;95084;4234;784539;83017;4618;893621;85313;4532;935554;84676;4766;1131357;85646;4773;1143782;82941;4513;953097;80110;4557;1017626;87884;4051;738059;92214;4101;826290;83398
2015;F-FRA;Frankfurt/Main;Start;Insgesamt;17117;1964764;79912;16239;1938507;83710;18272;2310937;101737;19649;2463358;89470;21007;2802385;91690;20787;2819542;91045;21576;3179703;92226;21172;3147248;88555;20637;2816375;86334;20914;2834004;94477;16393;1931504;98405;16669;2082764;89905
2015;F-FRA;Frankfurt/Main;Landung;Flugzeuge bis 2 t Startgewicht;-;-;-;-;-;-;-;-;-;1;6;-;-;-;-;3;4;-;-;-;-;1;-;-;-;-;-;-;-;-;1;1;-;1;-;-
2015;F-FRA;Frankfurt/Main;Landung;Flugzeuge über 2 bis 5,7 t Startgewicht;38;70;-;31;60;-;37;61;-;37;62;-;47;89;0;47;94;-;36;73;-;34;70;-;32;64;0;38;67;-;46;70;-;33;51;-
2015;F-FRA;Frankfurt/Main;Landung;Flugzeuge über 5,7 bis 14 t Startgewicht;84;178;21;88;117;21;114;228;25;115;192;23;103;174;23;116;272;35;113;200;42;115;205;32;103;208;22;131;221;24;126;245;21;79;132;21
2015;F-FRA;Frankfurt/Main;Landung;Flugzeuge über 14 bis 20 t Startgewicht;16;48;-;18;81;-;20;73;-;26;77;-;26;101;-;31;153;-;34;167;0;19;166;-;38;316;0;32;148;0;42;219;6;29;166;1
2015;F-FRA;Frankfurt/Main;Landung;Flugzeuge über 20 bis 25 t Startgewicht;191;4747;76;214;5437;61;221;6219;70;241;6981;73;229;7045;66;251;8112;66;271;9021;81;254;7708;69;237;7700;68;217;6416;77;157;3200;73;143;3074;66
2015;F-FRA;Frankfurt/Main;Landung;Flugzeuge über 25 bis 75 t Startgewicht;9450;844407;1738;9099;800980;1768;9940;910408;1770;10502;1007094;1521;10965;1062455;1595;10900;1113818;1469;11292;1194478;1546;10910;1155758;1391;10662;1120894;1414;10884;1114951;1793;8471;762562;1551;8790;755983;1995
2015;F-FRA;Frankfurt/Main;Landung;Flugzeuge über 75 bis 175 t Startgewicht;3161;427266;2767;3050;404305;2902;3610;508190;3213;4505;673430;3239;5022;753075;3272;4911;791596;3275;5075;802878;3421;5121;877639;2885;5063;844423;2982;5121;835819;3365;3511;510266;2966;3544;478734;3110
2015;F-FRA;Frankfurt/Main;Landung;Flugzeuge über 175 t Startgewicht;4069;809780;72727;3734;680476;70985;4324;860134;79790;4241;895548;75624;4621;968358;79941;4535;997013;75204;4771;1045757;77401;4783;1108166;75906;4506;1002318;76289;4564;907061;81531;4060;724257;88177;4151;767212;76577
2015;F-FRA;Frankfurt/Main;Landung;Insgesamt;17009;2086496;77329;16234;1891456;75737;18266;2285313;84868;19668;2583390;80480;21013;2791297;84897;20794;2911062;80049;21592;3052574;82491;21237;3149712;80283;20641;2975923;80775;20987;2864683;86790;16414;2000820;92794;16770;2005352;81770
2015;;Insgesamt;Start;Flugzeuge bis 2 t Startgewicht;884;98;0;1476;123;0;2582;364;0;2461;782;0;2712;1254;-;3102;1191;-;2939;1067;-;3256;1191;0;2897;878;0;2344;752;0;2049;225;-;1897;167;-
2015;;Insgesamt;Start;Flugzeuge über 2 bis 5,7 t Startgewicht;1138;1361;4;1226;1537;2;1620;1729;4;1487;1753;0;1636;2125;3;1717;2375;5;1514;1864;6;1603;1607;1;1763;1984;2;1382;1493;4;1489;1422;4;1170;1159;6
2015;;Insgesamt;Start;Flugzeuge über 5,7 bis 14 t Startgewicht;1214;7827;159;1245;7181;146;1574;8471;186;1394;8157;150;1527;8581;147;1702;9382;210;1591;8285;230;1054;5445;150;1682;9600;188;1781;9266;187;1655;9080;169;1232;5893;135
2015;;Insgesamt;Start;Flugzeuge über 14 bis 20 t Startgewicht;283;1311;140;305;2923;76;543;6846;92;489;6006;119;601;8278;123;609;7011;151;621;7717;143;525;6869;130;699;10123;161;713;8897;181;410;2817;146;264;1597;117
2015;;Insgesamt;Start;Flugzeuge über 20 bis 25 t Startgewicht;1464;30326;1144;1516;32203;1195;1759;39126;1380;1816;39907;1309;1813;42656;1183;2065;47591;1365;1988;50989;1368;1854;46300;1167;1975;49499;1326;2026;48466;1401;1613;34336;1476;1455;26597;1674
2015;;Insgesamt;Start;Flugzeuge über 25 bis 75 t Startgewicht;44155;3593290;7203;42859;3703167;6815;48713;4522350;8073;50004;4704261;7261;52485;5279526;7196;53527;5293738;7133;54308;5657835;7308;52080;5432267;6315;52895;5260041;7517;52666;5162767;7949;44723;3965107;7734;43081;3909064;8715
2015;;Insgesamt;Start;Flugzeuge über 75 bis 175 t Startgewicht;14245;1677615;33295;14295;1847799;34050;17214;2402787;36887;19249;2706236;36472;22058;3377614;35258;21765;3239847;37359;22760;3659789;37942;22870;3609290;32352;23605;3530400;35826;24325;3507823;39072;17772;2255321;39046;16412;2122330;39268
2015;;Insgesamt;Start;Flugzeuge über 175 t Startgewicht;7042;1187799;133670;6337;1087389;136952;7356;1283331;165497;7451;1189789;148359;8262;1416238;149954;8343;1490604;149877;8687;1795928;151129;8768;1840552;144114;8531;1568061;144948;8538;1656486;157042;7478;1227409;159569;7777;1354974;153443
2015;;Insgesamt;Start;Insgesamt;70425;6499627;175615;69259;6682322;179236;81361;8265004;212119;84351;8656891;193670;91094;10136272;193864;92830;10091739;196100;94408;11183474;198126;92010;10943521;184229;94047;10430586;189968;93775;10395950;205836;77189;7495717;208144;73288;7421781;203358
2015;;Insgesamt;Landung;Flugzeuge bis 2 t Startgewicht;876;79;-;1453;97;-;2557;339;-;2443;745;-;2687;1219;-;3084;1148;-;2921;1061;0;3257;1191;-;2883;849;-;2326;753;-;1889;204;0;1882;162;-
2015;;Insgesamt;Landung;Flugzeuge über 2 bis 5,7 t Startgewicht;1143;1350;1;1221;1528;0;1616;1673;1;1514;1732;1;1648;2021;5;1742;2304;1;1502;1699;9;1644;1637;2;1810;2164;3;1376;1525;3;1502;1466;2;1187;1101;0
2015;;Insgesamt;Landung;Flugzeuge über 5,7 bis 14 t Startgewicht;1234;8043;61;1262;7353;66;1563;8710;71;1434;8568;70;1555;8778;68;1670;9698;94;1593;8517;128;1129;5643;71;1798;9986;137;1875;9595;113;1723;9368;82;1245;6029;88
2015;;Insgesamt;Landung;Flugzeuge über 14 bis 20 t Startgewicht;276;1334;125;328;3023;95;537;6860;89;503;6188;120;604;8215;119;617;7270;144;640;7700;155;533;6885;101;715;10356;134;736;9122;159;435;3006;151;270;1504;124
2015;;Insgesamt;Landung;Flugzeuge über 20 bis 25 t Startgewicht;1455;30547;938;1511;31874;971;1749;38661;1078;1817;39426;1050;1821;41644;938;2037;49251;1004;1971;50607;1059;1842;44838;941;1971;49580;1102;2003;49773;1119;1593;34866;1158;1423;27412;1368
2015;;Insgesamt;Landung;Flugzeuge über 25 bis 75 t Startgewicht;44138;3745881;5595;42852;3664521;5451;48661;4396250;6168;49997;4794955;5567;52381;5072293;5558;53513;5377336;5643;54253;5417530;6031;52049;5497218;4953;52891;5500089;5855;52801;5380135;6494;44791;4150988;5980;43077;3826934;6836
2015;;Insgesamt;Landung;Flugzeuge über 75 bis 175 t Startgewicht;14242;1787414;28553;14268;1793531;29467;17108;2278505;32030;19255;2713672;31042;22004;3148153;30653;21718;3274908;32181;22653;3286975;32415;22834;3745638;27320;23633;3753611;30630;24455;3801133;34799;17813;2477770;34011;16416;2069765;35400
2015;;Insgesamt;Landung;Flugzeuge über 175 t Startgewicht;6940;1215118;128880;6327;1030808;123913;7353;1319778;138594;7444;1369021;133343;8258;1518873;137965;8320;1583132;132785;8686;1654215;136135;8786;1795481;131449;8518;1648794;136315;8543;1496882;142229;7493;1206741;149371;7828;1264046;136668
2015;;Insgesamt;Landung;Insgesamt;70304;6789766;164153;69222;6532735;159963;81144;8050776;178031;84407;8934307;171193;90958;9801196;175306;92701;10305047;171852;94219;10428304;175932;92074;11098531;164837;94219;10975429;174176;94115;10748918;184916;77239;7884409;190755;73328;7196953;180484
2016;F-FRA;Frankfurt/Main;Start;Flugzeuge bis 2 t Startgewicht;1;4;-;1;-;-;-;-;-;-;-;-;3;7;-;1;-;-;-;-;-;1;-;-;2;1;-;-;-;-;1;1;-;-;-;-
2016;F-FRA;Frankfurt/Main;Start;Flugzeuge über 2 bis 5,7 t Startgewicht;30;61;-;25;38;-;30;57;-;25;38;-;29;53;-;39;76;-;49;82;-;34;50;-;20;58;-;26;36;-;51;90;0;48;82;-
2016;F-FRA;Frankfurt/Main;Start;Flugzeuge über 5,7 bis 14 t Startgewicht;89;179;51;82;171;55;75;121;60;106;162;60;89;201;53;129;340;59;80;107;56;102;174;58;114;189;52;121;264;47;114;254;54;106;205;39
2016;F-FRA;Frankfurt/Main;Start;Flugzeuge über 14 bis 20 t Startgewicht;29;79;0;20;133;0;18;93;0;25;188;0;34;168;0;43;276;0;35;502;0;34;438;0;31;166;0;31;145;1;31;181;0;21;51;-
2016;F-FRA;Frankfurt/Main;Start;Flugzeuge über 20 bis 25 t Startgewicht;131;3197;2;162;4175;2;145;3919;1;147;4208;1;172;5268;1;176;5251;1;181;5338;1;171;4769;1;173;5784;1;175;5370;2;184;5508;1;170;5025;8
2016;F-FRA;Frankfurt/Main;Start;Flugzeuge über 25 bis 75 t Startgewicht;8784;717527;1983;8700;744253;1971;9387;878835;2293;9943;925281;2260;10345;1001358;2201;10296;1028178;2134;10596;1123447;2002;10460;1057852;1949;10574;1100128;2188;10877;1062790;2425;8928;814596;2531;9059;847721;2430
2016;F-FRA;Frankfurt/Main;Start;Flugzeuge über 75 bis 175 t Startgewicht;3704;464799;3831;3854;502784;3975;4338;635969;4661;4621;670794;4218;5010;766883;4081;5040;792611;4187;5214;876622;4362;5087;810225;4023;5124;818939;3954;4825;724335;3958;3179;444080;3724;3303;466627;3746
2016;F-FRA;Frankfurt/Main;Start;Flugzeuge über 175 t Startgewicht;4172;821842;73589;3956;760951;76615;4489;886579;88734;4380;800352;86145;4630;849232;81701;4584;906171;85935;4854;1140322;86649;4776;1079343;83791;4650;989796;85273;4576;1017669;93080;3988;759031;91727;3981;834491;90443
2016;F-FRA;Frankfurt/Main;Start;Insgesamt;16940;2007688;79456;16800;2012505;82618;18482;2405573;95749;19247;2401023;92684;20312;2623170;88037;20308;2732903;92316;21009;3146420;93070;20665;2952851;89822;20688;2915061;91468;20631;2810609;99513;16476;2023741;98037;16688;2154202;96666
2016;F-FRA;Frankfurt/Main;Landung;Flugzeuge bis 2 t Startgewicht;1;-;-;-;-;-;-;-;-;-;-;-;3;8;-;1;2;-;1;2;-;1;4;-;2;-;-;-;-;-;1;2;-;-;-;-
2016;F-FRA;Frankfurt/Main;Landung;Flugzeuge über 2 bis 5,7 t Startgewicht;24;47;-;22;39;-;32;64;-;31;48;0;33;58;-;37;67;-;40;79;-;39;64;-;22;46;-;34;65;-;50;99;-;49;89;-
2016;F-FRA;Frankfurt/Main;Landung;Flugzeuge über 5,7 bis 14 t Startgewicht;105;215;26;80;150;21;76;147;22;104;155;24;102;223;22;136;371;24;96;187;26;118;242;20;120;223;29;124;286;23;130;303;17;107;225;16
2016;F-FRA;Frankfurt/Main;Landung;Flugzeuge über 14 bis 20 t Startgewicht;26;120;-;24;133;1;20;99;-;28;222;0;33;196;0;40;288;0;53;587;0;33;482;0;34;212;0;29;138;0;30;204;0;17;43;-
2016;F-FRA;Frankfurt/Main;Landung;Flugzeuge über 20 bis 25 t Startgewicht;146;3343;66;171;4232;76;158;4042;75;163;4058;93;185;5339;66;195;5610;89;198;5374;70;189;4646;68;198;5816;93;193;5528;68;204;5725;81;188;5235;91
2016;F-FRA;Frankfurt/Main;Landung;Flugzeuge über 25 bis 75 t Startgewicht;8728;768519;1630;8685;733476;1579;9372;851427;1676;9935;931735;1668;10348;979681;1794;10285;1030068;1653;10577;1112547;1560;10449;1093441;1482;10581;1121917;1587;10875;1141336;1790;8929;847529;1646;9082;832161;1851
2016;F-FRA;Frankfurt/Main;Landung;Flugzeuge über 75 bis 175 t Startgewicht;3698;517542;2819;3852;504759;2863;4324;616921;3297;4617;674949;3195;5008;742846;3153;5037;785629;3192;5189;825430;3317;5077;863939;3290;5117;850624;3379;4870;810445;3488;3188;483850;3206;3318;468516;3402
2016;F-FRA;Frankfurt/Main;Landung;Flugzeuge über 175 t Startgewicht;4114;845427;72686;3966;721918;69554;4484;900175;82519;4371;913315;80611;4630;940851;80749;4580;939627;78654;4858;1020411;79111;4773;1067083;74514;4663;1006568;79109;4597;919249;86148;4001;765783;85095;4018;788111;83527
2016;F-FRA;Frankfurt/Main;Landung;Insgesamt;16842;2135213;77227;16800;1964707;74094;18466;2372875;87589;19249;2524482;85591;20342;2669202;85784;20311;2761662;83612;21012;2964617;84084;20679;3029901;79374;20737;2985406;84197;20722;2877047;91517;16533;2103495;90045;16779;2094380;88887
2016;;Insgesamt;Start;Flugzeuge bis 2 t Startgewicht;1420;83;-;1779;290;0;2901;263;-;3230;676;0;3706;1108;0;3354;1141;-;4889;1523;-;4617;1476;-;3968;1236;0;2495;772;-;1963;232;-;1882;99;0
2016;;Insgesamt;Start;Flugzeuge über 2 bis 5,7 t Startgewicht;1047;954;0;914;995;0;1240;1193;0;1435;1296;1;1501;1567;4;1252;1707;4;1432;1758;2;1683;1478;3;1594;1848;1;1292;1381;4;1357;1414;3;1090;1305;0
2016;;Insgesamt;Start;Flugzeuge über 5,7 bis 14 t Startgewicht;1161;6099;140;1322;7582;147;1552;7961;167;1589;8595;157;1524;8917;163;1752;10396;182;1639;8732;178;1378;7123;231;1819;9302;209;1686;8471;169;1637;8398;174;1308;6104;151
2016;;Insgesamt;Start;Flugzeuge über 14 bis 20 t Startgewicht;295;1662;129;329;2115;136;318;1659;156;337;2177;146;329;1834;140;411;2697;229;332;2613;113;252;1772;86;352;2164;147;381;2159;147;401;2359;158;329;1801;144
2016;;Insgesamt;Start;Flugzeuge über 20 bis 25 t Startgewicht;1286;23890;1052;1620;33442;1138;1780;40733;1251;1823;42937;1256;1885;45079;1232;1907;47321;1317;1679;44288;1200;1676;41929;1183;1812;49489;1231;1565;38248;1233;1459;27760;1518;1209;21759;1416
2016;;Insgesamt;Start;Flugzeuge über 25 bis 75 t Startgewicht;42519;3477892;6731;43548;3765057;6698;47199;4484894;7520;49894;4651869;7229;52569;5199921;7187;54023;5448470;7208;54655;5857224;6803;53346;5475489;6882;54940;5690943;6881;54513;5392919;7068;46872;4239211;8215;45957;4351984;9106
2016;;Insgesamt;Start;Flugzeuge über 75 bis 175 t Startgewicht;16134;1936376;35620;16404;2100531;36122;18897;2633868;41156;20059;2752409;39704;23019;3401089;37871;23082;3394035;40665;23693;3779992;37612;23662;3574890;35058;24708;3689389;39791;24052;3458478;40070;17381;2212044;43067;16829;2223506;42828
2016;;Insgesamt;Start;Flugzeuge über 175 t Startgewicht;7714;1324014;133956;7402;1254726;137951;8400;1466837;156529;8357;1340246;151460;8734;1414217;145228;8742;1488815;153089;9255;1919184;153661;9103;1808851;150776;8802;1659453;154627;8993;1729925;168317;7798;1293322;165524;7806;1404189;165709
2016;;Insgesamt;Start;Insgesamt;71576;6770970;177628;73318;7164738;182192;82287;8637408;206779;86724;8800205;199953;93267;10073732;191825;94523;10394582;202694;97574;11615314;199569;95717;10913008;194219;97995;11103824;202887;94977;10632353;217008;78868;7784740;218659;76410;8010747;219354
2016;;Insgesamt;Landung;Flugzeuge bis 2 t Startgewicht;1403;81;-;1757;284;-;2879;251;-;3238;668;-;3665;1151;-;3342;1150;-;4864;1520;-;4591;1486;-;3962;1227;-;2493;776;-;1971;233;-;1892;122;-
2016;;Insgesamt;Landung;Flugzeuge über 2 bis 5,7 t Startgewicht;1064;1005;4;929;998;4;1298;1206;14;1450;1371;2;1482;1517;3;1268;1777;1;1409;1698;3;1709;1600;3;1580;1892;4;1325;1462;4;1388;1451;7;1094;1333;4
2016;;Insgesamt;Landung;Flugzeuge über 5,7 bis 14 t Startgewicht;1225;6215;73;1337;7593;77;1599;8284;69;1616;8844;97;1577;9137;76;1785;10516;97;1682;9206;80;1459;7549;78;1908;9645;87;1769;8821;68;1714;8796;85;1354;6464;88
2016;;Insgesamt;Landung;Flugzeuge über 14 bis 20 t Startgewicht;311;1815;138;340;2219;140;332;1624;145;337;2174;129;319;1853;115;424;2891;206;348;2521;103;261;1892;72;369;2225;112;396;2356;120;397;2459;128;320;1839;103
2016;;Insgesamt;Landung;Flugzeuge über 20 bis 25 t Startgewicht;1269;24872;877;1609;34416;925;1777;40912;986;1803;43735;996;1864;45969;975;1906;47614;1171;1660;43648;998;1656;39916;976;1827;49438;1084;1553;39093;998;1451;28714;1208;1163;22449;1124
2016;;Insgesamt;Landung;Flugzeuge über 25 bis 75 t Startgewicht;42422;3613485;5252;43518;3711769;5416;47124;4353241;5809;49863;4711383;5909;52471;5110272;5579;54010;5393772;5893;54605;5656987;5639;53333;5565377;5450;54945;5826886;5283;54720;5730575;5331;46900;4414271;5672;45913;4278158;6207
2016;;Insgesamt;Landung;Flugzeuge über 75 bis 175 t Startgewicht;16102;2081550;30050;16343;2053482;31513;18850;2520346;35262;20027;2747720;34112;22939;3283270;32811;23012;3322661;35057;23510;3433060;32773;23666;3755417;30020;24682;3834674;35771;24319;3805119;35444;17404;2400525;38717;16812;2168031;38378
2016;;Insgesamt;Landung;Flugzeuge über 175 t Startgewicht;7633;1366409;128653;7391;1196291;119567;8376;1502467;143451;8349;1516734;140573;8722;1567785;140410;8720;1525036;137872;9248;1705089;139498;9091;1798174;133132;8813;1697679;140450;9031;1591511;151385;7803;1309392;151491;7829;1322127;148399
2016;;Insgesamt;Landung;Insgesamt;71429;7095432;165047;73224;7007052;157642;82235;8428331;185736;86683;9032629;181818;93039;10020954;179969;94467;10305417;180297;97326;10853729;179094;95766;11171411;169731;98086;11423666;182791;95606;11179713;193350;79028;8165841;197308;76377;7800523;194303
2017;F-FRA;Frankfurt/Main;Start;Flugzeuge bis 2 t Startgewicht;2;7;-;-;-;-;1;2;-;-;-;-;1;1;-;3;-;-;-;-;-;1;-;-;2;3;-;3;6;-;1;2;-;1;3;-
2017;F-FRA;Frankfurt/Main;Start;Flugzeuge über 2 bis 5,7 t Startgewicht;23;38;-;39;76;0;42;66;-;22;41;-;33;72;-;46;55;0;46;98;0;31;51;-;47;99;-;31;46;-;39;72;-;37;58;0
2017;F-FRA;Frankfurt/Main;Start;Flugzeuge über 5,7 bis 14 t Startgewicht;98;142;49;94;173;54;108;203;64;94;163;53;92;220;2;79;182;0;84;185;-;82;153;-;119;301;-;74;120;3;80;162;26;110;210;41
2017;F-FRA;Frankfurt/Main;Start;Flugzeuge über 14 bis 20 t Startgewicht;20;136;0;17;89;0;36;116;6;19;78;1;26;46;3;27;172;2;32;164;2;35;270;5;41;174;0;23;72;-;31;208;2;23;208;0
2017;F-FRA;Frankfurt/Main;Start;Flugzeuge über 20 bis 25 t Startgewicht;176;4696;2;174;5292;2;181;5585;1;177;6082;7;198;5345;75;179;5226;79;183;5525;79;190;5644;89;201;6099;89;197;5429;87;210;6156;62;155;5178;2
2017;F-FRA;Frankfurt/Main;Start;Flugzeuge über 25 bis 75 t Startgewicht;9092;791306;2432;8814;807847;2156;10039;952336;2580;10590;1079277;2169;10996;1110715;2494;10767;1135403;2643;11168;1206395;2016;11088;1162877;2020;11104;1193551;2245;11228;1104897;2209;10331;955288;2357;9014;858640;2169
2017;F-FRA;Frankfurt/Main;Start;Flugzeuge über 75 bis 175 t Startgewicht;3340;437710;3613;3313;463054;3797;4006;596874;4335;4477;713224;3995;4940;772795;4275;4898;796530;4270;5249;897706;3863;5072;822366;3737;5314;861867;3898;5546;856844;3723;4437;622709;3562;3952;589060;3406
2017;F-FRA;Frankfurt/Main;Start;Flugzeuge über 175 t Startgewicht;3998;819729;77326;3677;754617;80305;4297;860875;99396;4194;881376;87254;4459;883889;88057;4459;935716;89194;4745;1162360;91230;4701;1107689;88592;4546;1008771;90023;4472;1042847;93195;4137;836841;95371;3992;862626;85999
2017;F-FRA;Frankfurt/Main;Start;Insgesamt;16749;2053764;83422;16128;2031148;86314;18710;2416057;106382;19573;2680241;93479;20745;2773083;94906;20458;2873284;96188;21507;3272433;97190;21200;3099050;94443;21374;3070865;96255;21574;3010261;99217;19266;2421438;101380;17284;2315983;91617
2017;F-FRA;Frankfurt/Main;Landung;Flugzeuge bis 2 t Startgewicht;2;7;-;-;-;-;1;2;-;-;-;-;-;-;-;3;-;-;-;-;-;2;1;-;3;4;-;2;3;-;3;9;-;-;-;-
2017;F-FRA;Frankfurt/Main;Landung;Flugzeuge über 2 bis 5,7 t Startgewicht;27;53;-;37;69;-;38;56;0;25;53;-;30;60;-;34;49;-;37;92;0;27;46;-;42;98;-;34;63;-;37;75;-;42;66;-
2017;F-FRA;Frankfurt/Main;Landung;Flugzeuge über 5,7 bis 14 t Startgewicht;99;165;21;91;156;19;119;233;24;90;179;25;85;203;-;95;199;-;83;213;-;99;266;-;131;371;-;88;188;3;89;196;7;93;158;16
2017;F-FRA;Frankfurt/Main;Landung;Flugzeuge über 14 bis 20 t Startgewicht;22;114;0;17;104;0;37;101;1;24;131;4;24;55;1;32;223;0;36;213;1;48;336;11;41;200;0;27;86;0;28;210;0;22;184;0
2017;F-FRA;Frankfurt/Main;Landung;Flugzeuge über 20 bis 25 t Startgewicht;195;4991;68;190;5257;74;198;5457;88;192;6056;71;211;5519;91;196;5398;96;201;5442;88;219;5734;97;223;5832;108;214;5629;91;226;6469;92;176;5453;69
2017;F-FRA;Frankfurt/Main;Landung;Flugzeuge über 25 bis 75 t Startgewicht;9030;846059;1525;8806;804259;1636;10035;949824;1796;10583;1075595;1662;10985;1085504;1999;10741;1128694;2101;11148;1207598;1630;11069;1198177;1542;11079;1207544;1668;11234;1185526;1726;10340;1005309;1800;9055;847559;1714
2017;F-FRA;Frankfurt/Main;Landung;Flugzeuge über 75 bis 175 t Startgewicht;3319;475325;3006;3305;459572;3226;3997;587832;3562;4484;705583;3398;4934;747422;3510;4883;778672;3606;5233;858549;3356;5072;872357;3249;5309;900317;3012;5546;929410;3244;4442;697653;3323;3947;574267;2974
2017;F-FRA;Frankfurt/Main;Landung;Flugzeuge über 175 t Startgewicht;3977;835990;77520;3662;716957;68199;4281;905462;90509;4191;952784;84050;4457;981446;83408;4459;999430;83101;4747;1036681;83025;4696;1106216;79055;4549;1035353;83568;4480;917033;87971;4132;868407;91027;4036;815715;79798
2017;F-FRA;Frankfurt/Main;Landung;Insgesamt;16671;2162704;82140;16108;1986374;73154;18706;2448967;95980;19589;2740381;89210;20726;2820209;89009;20443;2912665;88904;21485;3108788;88100;21232;3183133;83954;21377;3149719;88356;21625;3037938;93035;19297;2578328;96249;17371;2243402;84571
2017;;Insgesamt;Start;Flugzeuge bis 2 t Startgewicht;2044;111;0;2328;92;0;3819;248;0;2625;465;0;3248;857;0;3294;1464;-;3564;939;-;4342;1076;0;3303;1000;0;2540;517;-;1696;176;-;945;94;-
2017;;Insgesamt;Start;Flugzeuge über 2 bis 5,7 t Startgewicht;831;953;0;1192;1041;2;1625;1317;3;1121;1259;3;1401;1550;4;1549;2251;4;1387;1552;0;1448;1358;1;1480;1619;3;1376;1549;14;1316;1394;10;1080;1360;3
2017;;Insgesamt;Start;Flugzeuge über 5,7 bis 14 t Startgewicht;1274;6592;157;1324;6930;155;1577;8037;183;1366;7445;162;1637;8165;148;1692;7735;191;1533;6935;165;1248;5226;185;1758;8914;179;1492;7321;159;1490;6513;168;1261;4983;152
2017;;Insgesamt;Start;Flugzeuge über 14 bis 20 t Startgewicht;308;2173;84;289;2152;66;354;2065;101;298;2038;82;363;2396;93;388;2803;84;300;2145;89;268;1640;99;369;1870;66;311;1670;139;344;1941;170;291;1342;107
2017;;Insgesamt;Start;Flugzeuge über 20 bis 25 t Startgewicht;1172;20134;1294;1193;23126;1157;1410;28810;1505;1518;41440;1214;1950;56180;1525;1820;50779;1538;1477;36934;1434;1447;40110;1342;1475;34401;1504;1588;35508;1605;1786;36675;1610;1403;28664;1423
2017;;Insgesamt;Start;Flugzeuge über 25 bis 75 t Startgewicht;45352;3897567;7133;43742;3999659;7146;50220;4796679;9226;51427;5385547;6905;56664;5866724;8346;56076;5999371;9227;58006;6421559;7949;56367;6010054;7745;57436;6208741;8389;55892;5645903;9609;45325;4257252;10740;41668;4105604;10042
2017;;Insgesamt;Start;Flugzeuge über 75 bis 175 t Startgewicht;16225;1959714;37930;15759;2086078;36866;18502;2549552;44304;20151;3031539;37496;22360;3296182;41233;22535;3426378;41734;23723;3849339;41723;23662;3615731;38638;24140;3667187;41555;24897;3649198;41597;19065;2469215;45169;17639;2439056;43109
2017;;Insgesamt;Start;Flugzeuge über 175 t Startgewicht;7988;1378044;143502;7125;1273038;144635;8142;1420976;175505;8089;1482437;156158;8695;1463176;163162;8716;1553469;160935;9279;1967284;167439;9280;1878315;164612;8807;1667550;165518;8431;1664979;171751;7602;1307920;177235;7448;1365827;167737
2017;;Insgesamt;Start;Insgesamt;75194;7265288;190100;72952;7392116;190027;85649;8807684;230827;86595;9952170;202020;96318;10695230;214511;96070;11044250;213713;99269;12286687;218799;98062;11553510;212622;98768;11591282;217214;96527;11006645;224874;78624;8081086;235102;71735;7946930;222573
2017;;Insgesamt;Landung;Flugzeuge bis 2 t Startgewicht;2041;121;-;2318;94;-;3805;225;-;2617;453;-;3273;877;-;3328;1525;-;3558;924;-;4333;1056;-;3298;975;-;2544;528;-;1717;198;-;949;93;-
2017;;Insgesamt;Landung;Flugzeuge über 2 bis 5,7 t Startgewicht;826;1013;2;1197;1059;3;1620;1334;3;1114;1189;0;1399;1561;8;1544;2218;9;1384;1556;1;1457;1415;5;1486;1695;4;1324;1556;1;1298;1517;2;1052;1230;2
2017;;Insgesamt;Landung;Flugzeuge über 5,7 bis 14 t Startgewicht;1307;7082;67;1346;6957;73;1585;8438;85;1369;7658;79;1656;8635;93;1727;7740;106;1526;7128;58;1372;5736;80;1800;9404;75;1556;7859;59;1512;6948;55;1216;4782;79
2017;;Insgesamt;Landung;Flugzeuge über 14 bis 20 t Startgewicht;317;2274;74;300;2336;63;360;2182;81;305;2172;66;382;2494;68;375;2930;77;326;2145;63;293;1849;90;383;1957;65;325;1846;130;359;2168;120;282;1336;77
2017;;Insgesamt;Landung;Flugzeuge über 20 bis 25 t Startgewicht;1159;20427;987;1194;22770;899;1413;28612;1119;1526;41028;982;1938;55678;1184;1824;51823;1204;1455;36454;991;1453;39187;1011;1474;34492;1247;1568;36328;1206;1737;38246;1259;1384;29512;1153
2017;;Insgesamt;Landung;Flugzeuge über 25 bis 75 t Startgewicht;45283;4037964;4980;43742;3945583;5129;50249;4802542;6371;51428;5320223;5108;56644;5765676;6489;56071;5943737;7350;57966;6255782;5947;56359;6115935;5815;57383;6296428;6104;55973;5879744;7274;45347;4571759;7751;41737;4041001;7606
2017;;Insgesamt;Landung;Flugzeuge über 75 bis 175 t Startgewicht;16199;2096276;32828;15755;2022871;34190;18540;2521849;39556;20138;2950203;33193;22276;3186831;36287;22471;3319899;36805;23595;3532732;36572;23696;3810550;33900;24189;3835018;36186;24936;3899476;36515;19252;2825764;40351;17679;2375057;37876
2017;;Insgesamt;Landung;Flugzeuge über 175 t Startgewicht;7955;1420336;140566;7083;1205569;122636;8105;1511746;158713;8075;1595974;147424;8675;1630616;149932;8700;1654607;149136;9246;1738771;149823;9265;1887314;145561;8811;1720546;151538;8423;1470407;157796;7576;1377499;165848;7498;1277003;154856
2017;;Insgesamt;Landung;Insgesamt;75087;7585493;179504;72935;7207239;162993;85677;8876928;205928;86572;9918900;186852;96243;10652368;194061;96040;10984479;194687;99056;11575492;193455;98228;11863042;186462;98824;11900515;195219;96649;11297744;202981;78798;8824099;215386;71797;7730014;201649
2018;F-FRA;Frankfurt/Main;Start;Flugzeuge bis 2 t Startgewicht;-;-;-;1;2;-;1;3;-;-;-;-;2;3;-;1;3;-;-;-;-;-;-;-;-;-;-;-;-;-;1;-;-;-;-;-
2018;F-FRA;Frankfurt/Main;Start;Flugzeuge über 2 bis 5,7 t Startgewicht;26;69;-;27;46;-;30;66;-;28;55;-;17;38;-;35;65;-;34;59;-;15;24;1;24;48;-;31;54;-;35;82;-;33;65;0
2018;F-FRA;Frankfurt/Main;Start;Flugzeuge über 5,7 bis 14 t Startgewicht;79;131;53;112;272;48;130;294;50;97;164;53;127;273;38;129;265;37;102;195;51;85;173;20;108;184;38;115;248;49;109;203;25;75;195;19
2018;F-FRA;Frankfurt/Main;Start;Flugzeuge über 14 bis 20 t Startgewicht;21;145;0;26;175;0;31;239;0;35;385;5;35;280;10;29;366;0;37;654;1;24;239;2;40;166;3;31;213;0;27;88;0;27;84;-
2018;F-FRA;Frankfurt/Main;Start;Flugzeuge über 20 bis 25 t Startgewicht;178;5102;1;171;5341;1;164;5517;1;192;6672;1;189;6704;10;195;6598;21;190;6600;9;208;6934;35;191;6994;10;200;6863;2;203;5924;21;171;5263;7
2018;F-FRA;Frankfurt/Main;Start;Flugzeuge über 25 bis 75 t Startgewicht;10109;866386;2540;9464;856432;2121;10819;1082214;2401;11009;1086692;2134;11655;1212819;2123;11313;1219401;1919;11768;1276964;1830;11572;1241786;1813;11474;1248329;1947;11885;1176258;2374;10784;1013038;2547;9974;946864;2428
2018;F-FRA;Frankfurt/Main;Start;Flugzeuge über 75 bis 175 t Startgewicht;3744;500379;3218;3911;559108;3164;4840;754095;3581;5568;846868;3310;5827;933886;3384;5889;956028;3341;6104;1018904;3372;6150;989137;3346;6155;991658;3226;6086;901075;3522;4878;677548;4109;4352;618001;3636
2018;F-FRA;Frankfurt/Main;Start;Flugzeuge über 175 t Startgewicht;4044;833468;79261;3658;776519;78511;4299;940586;96727;4292;859330;87496;4675;903886;85872;4675;975171;87557;4810;1164569;85606;4857;1133966;87564;4675;1027560;87369;4594;1041089;91978;4270;870393;92483;4253;927421;86897
2018;F-FRA;Frankfurt/Main;Start;Insgesamt;18201;2205680;85073;17370;2197895;83845;20314;2783014;102760;21221;2800166;92999;22527;3057889;91437;22266;3157897;92875;23045;3467945;90869;22911;3372259;92781;22667;3274939;92593;22942;3125800;97925;20307;2567276;99185;18885;2497893;92987
2018;F-FRA;Frankfurt/Main;Landung;Flugzeuge bis 2 t Startgewicht;-;-;-;1;-;-;1;4;-;-;-;-;2;3;-;-;-;-;1;1;-;-;-;-;-;-;-;1;3;-;2;4;-;-;-;-
2018;F-FRA;Frankfurt/Main;Landung;Flugzeuge über 2 bis 5,7 t Startgewicht;23;52;-;28;55;-;35;70;-;25;41;-;26;50;-;35;65;-;34;51;-;16;34;-;32;61;-;29;50;-;40;95;-;40;76;-
2018;F-FRA;Frankfurt/Main;Landung;Flugzeuge über 5,7 bis 14 t Startgewicht;89;163;19;107;257;15;121;228;19;87;161;17;139;314;13;127;293;11;110;234;14;92;214;6;123;250;13;139;287;15;113;200;10;76;199;5
2018;F-FRA;Frankfurt/Main;Landung;Flugzeuge über 14 bis 20 t Startgewicht;17;216;-;30;211;1;25;228;0;30;439;3;37;301;10;33;420;0;47;637;1;27;267;2;49;184;2;33;193;0;32;111;0;24;73;-
2018;F-FRA;Frankfurt/Main;Landung;Flugzeuge über 20 bis 25 t Startgewicht;200;5200;78;180;5507;74;179;5377;78;198;6242;70;209;6571;64;210;6553;77;203;6557;69;235;6473;90;212;6695;69;216;7080;72;224;6234;89;185;5614;66
2018;F-FRA;Frankfurt/Main;Landung;Flugzeuge über 25 bis 75 t Startgewicht;10041;920510;1586;9452;864177;1429;10818;1039219;1709;10981;1119686;1469;11627;1169213;1562;11291;1221147;1528;11755;1316598;1467;11570;1253970;1353;11458;1260007;1468;11896;1286005;1712;10779;1055369;1715;9993;932726;1653
2018;F-FRA;Frankfurt/Main;Landung;Flugzeuge über 75 bis 175 t Startgewicht;3731;548613;2575;3895;557108;2523;4833;722514;3032;5545;849494;2780;5786;884982;2767;5859;918754;2845;6083;1016474;2659;6131;1018700;2921;6149;1020127;2921;6086;1000270;2979;4873;726218;3078;4355;606506;2748
2018;F-FRA;Frankfurt/Main;Landung;Flugzeuge über 175 t Startgewicht;4002;857523;77115;3654;730691;75189;4284;953396;90257;4295;957416;89118;4663;1004409;85254;4665;1047563;82713;4814;1051825;77755;4854;1137704;82525;4684;1053485;85054;4590;940632;88102;4270;880430;90078;4299;872993;83704
2018;F-FRA;Frankfurt/Main;Landung;Insgesamt;18103;2332277;81373;17347;2158006;79231;20296;2721036;95095;21161;2933479;93457;22489;3065843;89670;22220;3194795;87174;23047;3392377;81965;22925;3417362;86897;22707;3340809;89527;22990;3234520;92880;20333;2668661;94970;18972;2418187;88176
2018;;Insgesamt;Start;Flugzeuge bis 2 t Startgewicht;2024;76;-;3168;112;-;2687;284;0;3295;715;-;3400;1319;0;3177;804;0;3840;1193;0;3208;1271;-;3520;1164;-;2884;833;-;2391;165;0;1258;93;-
2018;;Insgesamt;Start;Flugzeuge über 2 bis 5,7 t Startgewicht;940;1034;4;1183;1131;4;1499;1484;4;1247;1280;2;1376;1784;8;1665;2011;5;1988;1785;1;1891;1274;1;1812;1715;2;1552;1534;5;1416;1348;5;1217;1263;2
2018;;Insgesamt;Start;Flugzeuge über 5,7 bis 14 t Startgewicht;1259;5048;179;1303;5459;160;1572;6405;183;1387;6290;184;1518;5231;215;1681;6229;221;1525;4814;239;1319;3749;180;1680;6727;201;1632;6231;220;1538;6217;140;1196;4859;105
2018;;Insgesamt;Start;Flugzeuge über 14 bis 20 t Startgewicht;254;1715;83;283;2324;61;287;2081;0;349;2490;94;366;2596;108;465;4387;68;462;4823;65;349;2873;82;438;3445;84;385;3342;83;408;3111;104;306;2072;94
2018;;Insgesamt;Start;Flugzeuge über 20 bis 25 t Startgewicht;1498;28069;1369;1336;28455;1033;1469;31984;1219;1474;33535;1057;1516;36327;1115;1616;38382;1158;1624;41270;1196;1602;37765;1124;1414;35439;1067;1499;34127;1164;1532;32095;1137;1267;26505;964
2018;;Insgesamt;Start;Flugzeuge über 25 bis 75 t Startgewicht;44537;3819766;9883;43784;4008867;9440;50039;5076789;10183;51870;5208132;9624;55992;5896656;10089;55980;6005181;10445;58749;6573477;9867;58735;6293803;9382;59678;6564810;9365;61043;6254760;10948;52794;4928996;11168;49853;4859477;9849
2018;;Insgesamt;Start;Flugzeuge über 75 bis 175 t Startgewicht;17657;2168201;40090;17204;2292916;37536;20402;2954433;43233;22082;3193724;39689;24294;3675532;40327;24747;3706597;41481;25863;4166013;39962;25684;3872045;36907;25456;3902471;38250;26262;3763250;41143;20054;2552859;44520;18571;2502757;41866
2018;;Insgesamt;Start;Flugzeuge über 175 t Startgewicht;7368;1279562;153772;6690;1213546;147226;7841;1482557;180101;7984;1390187;164436;8529;1420523;162226;8353;1492572;165854;8764;1855691;163171;8455;1747268;160129;8161;1569455;162834;8167;1613179;174037;7466;1314325;173341;7435;1421431;162481
2018;;Insgesamt;Start;Insgesamt;75537;7303471;205380;74951;7552810;195460;85796;9556017;234923;89688;9836353;215086;96991;11039968;214088;97684;11256163;219232;102815;12649066;214501;101243;11960048;207805;102159;12085226;211803;103424;11677256;227600;87599;8839116;230415;81103;8818457;215361
2018;;Insgesamt;Landung;Flugzeuge bis 2 t Startgewicht;2019;79;-;3154;122;-;2681;280;-;3296;729;-;3396;1310;-;3173;779;-;3849;1208;1;3212;1295;-;3541;1188;1;2899;831;0;2397;183;-;1248;84;-
2018;;Insgesamt;Landung;Flugzeuge über 2 bis 5,7 t Startgewicht;963;1136;1;1196;1196;0;1451;1345;3;1213;1278;2;1364;1730;3;1634;1963;4;1951;1705;2;1885;1408;2;1769;1533;4;1552;1595;4;1400;1408;2;1158;1098;3
2018;;Insgesamt;Landung;Flugzeuge über 5,7 bis 14 t Startgewicht;1320;5380;58;1286;5555;53;1565;6522;84;1429;6656;77;1549;5505;67;1724;6693;86;1536;4914;65;1376;4074;60;1695;7093;72;1689;6696;67;1560;6375;81;1205;4691;56
2018;;Insgesamt;Landung;Flugzeuge über 14 bis 20 t Startgewicht;270;2147;67;294;2356;47;275;2097;0;358;2620;73;372;2491;79;474;4462;59;461;4696;59;372;2950;65;484;3659;66;395;3325;65;429;3148;92;307;2119;74
2018;;Insgesamt;Landung;Flugzeuge über 20 bis 25 t Startgewicht;1503;29061;1149;1334;28669;812;1463;31815;952;1467;33628;766;1521;36060;783;1621;39702;856;1620;41377;805;1614;37513;810;1411;35150;752;1480;35518;772;1527;32830;915;1239;26596;715
2018;;Insgesamt;Landung;Flugzeuge über 25 bis 75 t Startgewicht;44452;3970671;6931;43761;3974892;6930;50004;4859425;7560;51825;5317989;7140;55897;5696000;7533;55972;6041118;8166;58738;6363118;8195;58746;6460528;7532;59646;6638089;7569;61143;6677234;8391;52825;5176243;8473;49849;4750858;7410
2018;;Insgesamt;Landung;Flugzeuge über 75 bis 175 t Startgewicht;17642;2328822;34602;17158;2227084;32920;20353;2785082;37945;22050;3205159;32856;24208;3530469;34599;24765;3639153;35378;25746;3866529;33265;25764;4085608;31147;25456;4009998;33093;26358;4117560;35536;20181;2818982;38520;18594;2400950;37058
2018;;Insgesamt;Landung;Flugzeuge über 175 t Startgewicht;7276;1323727;143815;6679;1139109;136945;7793;1502825;162107;7983;1548289;160546;8498;1572972;157224;8323;1607230;153567;8745;1638791;148687;8460;1750995;151314;8166;1617291;155396;8149;1454709;162546;7446;1339531;165074;7491;1332749;153226
2018;;Insgesamt;Landung;Insgesamt;75445;7661023;186623;74862;7378983;177707;85585;9189391;208651;89621;10116348;201460;96805;10846537;200288;97686;11341100;198116;102646;11922338;191079;101429;12344371;190930;102168;12314001;196953;103665;12297468;207381;87765;9378700;213157;81091;8519145;198542
2019;F-FRA;Frankfurt/Main;Start;Flugzeuge bis 2 t Startgewicht;-;-;-;1;3;-;-;-;-;1;2;-;-;-;-;1;1;-;1;3;-;1;2;-;2;1;-;-;-;-;4;2;-;-;-;-
2019;F-FRA;Frankfurt/Main;Start;Flugzeuge über 2 bis 5,7 t Startgewicht;33;62;-;36;65;-;36;62;-;25;39;-;35;66;-;40;73;-;19;56;-;31;41;-;37;74;-;39;71;-;36;60;-;32;64;-
2019;F-FRA;Frankfurt/Main;Start;Flugzeuge über 5,7 bis 14 t Startgewicht;98;206;15;88;201;2;87;216;-;84;202;2;116;321;-;102;257;-;87;216;-;91;224;-;128;336;-;92;176;-;107;272;-;64;128;-
2019;F-FRA;Frankfurt/Main;Start;Flugzeuge über 14 bis 20 t Startgewicht;23;94;0;29;96;2;21;72;-;14;48;5;39;101;6;31;79;1;32;72;5;30;79;3;33;92;-;20;55;-;28;134;-;27;114;-
2019;F-FRA;Frankfurt/Main;Start;Flugzeuge über 20 bis 25 t Startgewicht;207;5645;32;146;3966;38;84;2210;65;90;2803;65;86;2945;71;102;2912;63;105;3291;84;94;2912;95;98;2942;78;102;2848;86;79;1858;73;77;2500;51
2019;F-FRA;Frankfurt/Main;Start;Flugzeuge über 25 bis 75 t Startgewicht;9959;858503;2162;9849;893558;2312;11002;1081974;2544;11709;1205108;2257;12117;1243884;2281;11902;1276585;1973;12232;1337287;1978;11998;1286936;1942;12089;1280828;2136;12070;1190640;2424;10379;991700;2272;9740;938222;2200
2019;F-FRA;Frankfurt/Main;Start;Flugzeuge über 75 bis 175 t Startgewicht;4063;523681;3445;4167;587423;3415;4977;756128;3988;5222;847054;3505;5748;917074;3718;5749;953136;3359;5817;1000463;3351;5723;936492;3257;5872;963650;3328;5652;860802;3466;4200;601145;3715;3882;572057;3260
2019;F-FRA;Frankfurt/Main;Start;Flugzeuge über 175 t Startgewicht;4227;859441;73213;3875;809591;78741;4555;911740;93744;4431;950748;79779;4661;919856;87112;4746;1012985;80587;4998;1207652;86098;4970;1175549;82647;4764;1060196;82675;4658;1093863;83056;4273;887056;87491;4208;956271;81709
2019;F-FRA;Frankfurt/Main;Start;Insgesamt;18610;2247632;78867;18191;2294903;84510;20762;2752402;100341;21576;3006004;85613;22802;3084247;93188;22673;3246028;85983;23291;3549040;91516;22938;3402235;87944;23023;3308119;88217;22633;3148455;89032;19106;2482227;93551;18030;2469356;87220
2019;F-FRA;Frankfurt/Main;Landung;Flugzeuge bis 2 t Startgewicht;-;-;-;1;2;-;-;-;-;-;-;-;1;2;-;-;-;-;1;-;-;1;3;-;1;-;-;1;1;-;3;4;-;-;-;-
2019;F-FRA;Frankfurt/Main;Landung;Flugzeuge über 2 bis 5,7 t Startgewicht;34;63;-;40;71;-;36;63;-;25;40;-;29;51;-;33;58;-;24;58;-;31;41;-;36;70;-;45;86;0;37;64;-;33;72;-
2019;F-FRA;Frankfurt/Main;Landung;Flugzeuge über 5,7 bis 14 t Startgewicht;102;197;3;75;192;-;100;287;-;88;210;-;100;277;-;98;243;-;100;229;-;99;259;-;137;348;-;109;229;-;97;244;-;63;155;-
2019;F-FRA;Frankfurt/Main;Landung;Flugzeuge über 14 bis 20 t Startgewicht;23;110;-;18;46;1;26;100;-;18;50;2;35;88;1;38;129;0;29;94;2;34;115;2;36;99;-;24;72;-;34;124;-;19;98;-
2019;F-FRA;Frankfurt/Main;Landung;Flugzeuge über 20 bis 25 t Startgewicht;226;5618;81;156;3856;79;105;2193;88;102;2722;88;104;2665;99;116;2890;90;123;2761;101;119;3061;99;120;2884;98;119;3070;107;96;1944;104;95;2399;93
2019;F-FRA;Frankfurt/Main;Landung;Flugzeuge über 25 bis 75 t Startgewicht;9915;919205;1306;9835;896580;1569;10975;1077897;1632;11704;1211970;1537;12098;1209012;1646;11877;1291206;1527;12209;1341792;1580;11997;1320810;1418;12074;1300607;1549;12053;1309377;1732;10364;1026196;1610;9771;936837;1709
2019;F-FRA;Frankfurt/Main;Landung;Flugzeuge über 75 bis 175 t Startgewicht;4069;582057;2708;4171;583787;2514;4972;757197;2761;5213;817393;2657;5745;881152;2893;5730;951818;2721;5810;946345;2869;5717;996802;2555;5867;986204;2431;5659;968077;2603;4208;652394;3225;3896;557097;2789
2019;F-FRA;Frankfurt/Main;Landung;Flugzeuge über 175 t Startgewicht;4199;888011;78437;3869;765867;69800;4555;988382;93993;4438;991198;84867;4653;1038657;84075;4749;1074967;81039;4992;1066326;79123;4970;1184330;77733;4784;1101194;79142;4675;995204;81661;4265;895387;84878;4256;893086;75875
2019;F-FRA;Frankfurt/Main;Landung;Insgesamt;18568;2395261;82535;18165;2250401;73963;20769;2826119;98474;21588;3023583;89151;22765;3131904;88714;22641;3321311;85377;23288;3357605;83675;22968;3505421;81807;23055;3391406;83220;22685;3276116;86103;19104;2576357;89817;18133;2389744;80466
2019;;Insgesamt;Start;Flugzeuge bis 2 t Startgewicht;1782;56;-;3000;107;-;2321;106;-;2843;233;-;2939;703;-;3038;848;-;3516;868;-;3667;1016;-;2997;695;-;3124;557;-;2523;155;-;2035;85;0
2019;;Insgesamt;Start;Flugzeuge über 2 bis 5,7 t Startgewicht;1139;1003;2;1546;1170;4;1679;1281;3;1508;1358;3;1794;1829;2;1845;2348;0;1652;1527;4;1755;1296;3;1911;1405;3;1713;1246;4;1459;1235;2;1356;1171;0
2019;;Insgesamt;Start;Flugzeuge über 5,7 bis 14 t Startgewicht;1355;4853;126;1396;5681;122;1442;5701;116;1487;6056;116;1597;6561;130;1870;8769;142;1717;8368;171;1575;8312;109;1840;8134;109;1788;7527;126;1539;5789;58;1337;4904;47
2019;;Insgesamt;Start;Flugzeuge über 14 bis 20 t Startgewicht;374;3467;86;439;4152;89;481;4416;80;430;4449;82;491;4658;93;460;4189;80;433;4221;90;320;2447;70;538;4612;117;468;4133;78;476;4245;39;381;2724;30
2019;;Insgesamt;Start;Flugzeuge über 20 bis 25 t Startgewicht;1391;27425;956;981;18558;922;706;12988;1019;668;12765;1027;712;13974;1034;687;12335;882;821;17888;1092;681;13648;910;674;11769;1029;674;9962;1141;622;9824;1061;604;8762;1038
2019;;Insgesamt;Start;Flugzeuge über 25 bis 75 t Startgewicht;48567;4185157;9332;47579;4402990;9597;53511;5326204;10739;55381;5886225;9496;59812;6315725;9888;58726;6519338;9022;60764;6903705;9906;59650;6556276;8777;60998;6624345;9662;60499;6289577;10435;49436;4834799;10038;48292;4844637;10618
2019;;Insgesamt;Start;Flugzeuge über 75 bis 175 t Startgewicht;18200;2160664;40442;16893;2264947;35867;19785;2794781;42774;21563;3279581;38379;23660;3497982;40437;23760;3674604;38276;24714;3994110;40387;23984;3657932;35144;24233;3683922;37816;24413;3481012;41792;17738;2329898;41799;16810;2321427;40667
2019;;Insgesamt;Start;Flugzeuge über 175 t Startgewicht;7503;1315037;141335;6818;1241298;145930;7987;1406998;171307;7897;1480339;148208;8149;1379708;162016;8338;1555830;149875;8813;1891849;159799;8703;1819156;151598;8434;1626797;156719;8522;1738161;164152;7646;1362803;167372;7503;1475456;156340
2019;;Insgesamt;Start;Insgesamt;80311;7697662;192279;78652;7938903;192531;87912;9552475;226038;91777;10671006;197311;99154;11221140;213600;98724;11778261;198277;102430;12822536;211449;100335;12060083;196611;101625;11961679;205455;101201;11532175;217728;81439;8548748;220369;78318;8659166;208740
2019;;Insgesamt;Landung;Flugzeuge bis 2 t Startgewicht;1790;55;-;3003;122;-;2320;111;-;2855;238;-;2909;689;-;3047;854;-;3518;849;-;3674;1017;-;3005;684;-;3130;544;-;2520;149;-;2034;75;-
2019;;Insgesamt;Landung;Flugzeuge über 2 bis 5,7 t Startgewicht;1172;1137;3;1519;1147;2;1650;1198;1;1482;1340;1;1735;1673;0;1830;2296;2;1617;1418;2;1716;1243;0;1891;1361;1;1691;1232;0;1444;1253;2;1294;1065;1
2019;;Insgesamt;Landung;Flugzeuge über 5,7 bis 14 t Startgewicht;1409;5139;43;1405;5713;53;1475;5870;49;1494;6037;62;1617;6317;59;1884;8951;44;1729;8201;51;1653;8586;27;1894;8162;37;1785;7564;49;1536;5954;24;1319;5100;17
2019;;Insgesamt;Landung;Flugzeuge über 14 bis 20 t Startgewicht;402;3571;61;431;4138;74;484;4527;69;439;4556;62;500;4753;71;481;4261;80;434;4327;57;335;2655;56;550;4827;76;486;4281;57;492;4340;34;359;2637;47
2019;;Insgesamt;Landung;Flugzeuge über 20 bis 25 t Startgewicht;1392;27899;675;985;18447;720;714;12570;749;663;12341;719;738;13373;847;732;13383;787;827;16297;908;721;13419;828;709;11638;835;712;10647;934;650;9974;857;628;8767;836
2019;;Insgesamt;Landung;Flugzeuge über 25 bis 75 t Startgewicht;48534;4379767;6855;47567;4365049;7516;53467;5326836;8030;55342;5792595;7130;59795;6185609;7633;58670;6530091;6739;60670;6678525;7523;59703;6746879;6972;61017;6790829;7295;60528;6693496;8305;49458;5032560;8140;48302;4736296;8204
2019;;Insgesamt;Landung;Flugzeuge über 75 bis 175 t Startgewicht;18203;2360061;34275;16896;2192171;32228;19770;2776924;36596;21483;3106629;32797;23653;3394622;35348;23741;3622042;33377;24647;3652587;35467;23990;3885927;29919;24227;3812159;31281;24516;3837655;35414;17779;2556138;35880;16792;2217659;34206
2019;;Insgesamt;Landung;Flugzeuge über 175 t Startgewicht;7435;1365179;146859;6786;1172699;127992;7975;1535615;168511;7892;1550321;154715;8120;1575259;156615;8338;1652276;150024;8767;1642425;149970;8709;1826579;143375;8434;1696801;148206;8529;1574588;156908;7619;1394854;161627;7573;1375242;145222
2019;;Insgesamt;Landung;Insgesamt;80337;8142808;188771;78592;7759486;168585;87855;9663651;214005;91650;10474057;195486;99067;11182295;200573;98723;11834154;191053;102209;12004629;193978;100501;12486305;181177;101727;12326461;187731;101377;12130007;201667;81498;9005222;206564;78301;8346841;188533
2020;F-FRA;Frankfurt/Main;Start;Flugzeuge bis 2 t Startgewicht;1;-;-;-;-;-;-;-;-;-;-;-;...;...;...;...;...;...;...;...;...;...;...;...;...;...;...;...;...;...;...;...;...;...;...;...
2020;F-FRA;Frankfurt/Main;Start;Flugzeuge über 2 bis 5,7 t Startgewicht;24;35;-;31;68;-;24;47;-;17;31;-;...;...;...;...;...;...;...;...;...;...;...;...;...;...;...;...;...;...;...;...;...;...;...;...
2020;F-FRA;Frankfurt/Main;Start;Flugzeuge über 5,7 bis 14 t Startgewicht;82;218;2;94;277;-;50;90;-;27;41;0;...;...;...;...;...;...;...;...;...;...;...;...;...;...;...;...;...;...;...;...;...;...;...;...
2020;F-FRA;Frankfurt/Main;Start;Flugzeuge über 14 bis 20 t Startgewicht;13;50;-;22;77;-;6;10;-;2;1;-;...;...;...;...;...;...;...;...;...;...;...;...;...;...;...;...;...;...;...;...;...;...;...;...
2020;F-FRA;Frankfurt/Main;Start;Flugzeuge über 20 bis 25 t Startgewicht;84;2127;75;65;1657;67;44;383;80;30;26;92;...;...;...;...;...;...;...;...;...;...;...;...;...;...;...;...;...;...;...;...;...;...;...;...
2020;F-FRA;Frankfurt/Main;Start;Flugzeuge über 25 bis 75 t Startgewicht;10309;908962;2466;9752;870962;2100;5753;383371;1584;1141;47256;516;...;...;...;...;...;...;...;...;...;...;...;...;...;...;...;...;...;...;...;...;...;...;...;...
2020;F-FRA;Frankfurt/Main;Start;Flugzeuge über 75 bis 175 t Startgewicht;3257;431856;2809;3952;548796;3066;2000;207778;2531;151;4104;1533;...;...;...;...;...;...;...;...;...;...;...;...;...;...;...;...;...;...;...;...;...;...;...;...
2020;F-FRA;Frankfurt/Main;Start;Flugzeuge über 175 t Startgewicht;4234;889266;64804;3749;775593;74352;2941;354402;79334;1663;17567;65031;...;...;...;...;...;...;...;...;...;...;...;...;...;...;...;...;...;...;...;...;...;...;...;...
2020;F-FRA;Frankfurt/Main;Start;Insgesamt;18004;2232514;70156;17665;2197430;79585;10818;946081;83529;3031;69026;67172;...;...;...;...;...;...;...;...;...;...;...;...;...;...;...;...;...;...;...;...;...;...;...;...
2020;F-FRA;Frankfurt/Main;Landung;Flugzeuge bis 2 t Startgewicht;2;2;-;-;-;-;-;-;-;-;-;-;...;...;...;...;...;...;...;...;...;...;...;...;...;...;...;...;...;...;...;...;...;...;...;...
2020;F-FRA;Frankfurt/Main;Landung;Flugzeuge über 2 bis 5,7 t Startgewicht;32;45;-;25;52;-;21;43;-;13;27;-;...;...;...;...;...;...;...;...;...;...;...;...;...;...;...;...;...;...;...;...;...;...;...;...
2020;F-FRA;Frankfurt/Main;Landung;Flugzeuge über 5,7 bis 14 t Startgewicht;85;214;2;88;230;-;43;88;-;17;43;-;...;...;...;...;...;...;...;...;...;...;...;...;...;...;...;...;...;...;...;...;...;...;...;...
2020;F-FRA;Frankfurt/Main;Landung;Flugzeuge über 14 bis 20 t Startgewicht;16;97;-;19;54;-;9;24;-;6;27;-;...;...;...;...;...;...;...;...;...;...;...;...;...;...;...;...;...;...;...;...;...;...;...;...
2020;F-FRA;Frankfurt/Main;Landung;Flugzeuge über 20 bis 25 t Startgewicht;102;2517;105;87;1642;110;61;459;99;27;11;11;...;...;...;...;...;...;...;...;...;...;...;...;...;...;...;...;...;...;...;...;...;...;...;...
2020;F-FRA;Frankfurt/Main;Landung;Flugzeuge über 25 bis 75 t Startgewicht;10248;976312;1630;9731;874731;1541;5811;402893;1111;1146;44617;381;...;...;...;...;...;...;...;...;...;...;...;...;...;...;...;...;...;...;...;...;...;...;...;...
2020;F-FRA;Frankfurt/Main;Landung;Flugzeuge über 75 bis 175 t Startgewicht;3234;484746;2230;3948;550142;2513;2173;267012;2173;156;7942;1495;...;...;...;...;...;...;...;...;...;...;...;...;...;...;...;...;...;...;...;...;...;...;...;...
2020;F-FRA;Frankfurt/Main;Landung;Flugzeuge über 175 t Startgewicht;4199;913682;72510;3752;742564;62337;3146;504872;78062;1752;65337;69008;...;...;...;...;...;...;...;...;...;...;...;...;...;...;...;...;...;...;...;...;...;...;...;...
2020;F-FRA;Frankfurt/Main;Landung;Insgesamt;17918;2377615;76477;17650;2169415;66501;11264;1175391;81445;3117;118004;70895;...;...;...;...;...;...;...;...;...;...;...;...;...;...;...;...;...;...;...;...;...;...;...;...
2020;;Insgesamt;Start;Flugzeuge bis 2 t Startgewicht;2518;90;0;2207;135;-;1870;110;-;342;26;-;...;...;...;...;...;...;...;...;...;...;...;...;...;...;...;...;...;...;...;...;...;...;...;...
2020;;Insgesamt;Start;Flugzeuge über 2 bis 5,7 t Startgewicht;1284;1002;2;1381;1076;3;1316;592;1;812;261;0;...;...;...;...;...;...;...;...;...;...;...;...;...;...;...;...;...;...;...;...;...;...;...;...
2020;;Insgesamt;Start;Flugzeuge über 5,7 bis 14 t Startgewicht;1345;4524;50;1417;5493;46;945;2202;59;453;330;45;...;...;...;...;...;...;...;...;...;...;...;...;...;...;...;...;...;...;...;...;...;...;...;...
2020;;Insgesamt;Start;Flugzeuge über 14 bis 20 t Startgewicht;364;2902;37;395;2679;92;189;704;105;70;37;79;...;...;...;...;...;...;...;...;...;...;...;...;...;...;...;...;...;...;...;...;...;...;...;...
2020;;Insgesamt;Start;Flugzeuge über 20 bis 25 t Startgewicht;665;11068;939;674;11081;831;542;4913;882;250;347;771;...;...;...;...;...;...;...;...;...;...;...;...;...;...;...;...;...;...;...;...;...;...;...;...
2020;;Insgesamt;Start;Flugzeuge über 25 bis 75 t Startgewicht;48049;4254267;10140;45899;4251162;9148;28068;1824302;10011;3192;74333;6777;...;...;...;...;...;...;...;...;...;...;...;...;...;...;...;...;...;...;...;...;...;...;...;...
2020;;Insgesamt;Start;Flugzeuge über 75 bis 175 t Startgewicht;15910;1921159;38622;16429;2170432;36704;9982;866795;40462;1895;7636;33986;...;...;...;...;...;...;...;...;...;...;...;...;...;...;...;...;...;...;...;...;...;...;...;...
2020;;Insgesamt;Start;Flugzeuge über 175 t Startgewicht;7564;1365835;126923;6732;1200234;141983;5455;534136;150921;3198;20404;126708;...;...;...;...;...;...;...;...;...;...;...;...;...;...;...;...;...;...;...;...;...;...;...;...
2020;;Insgesamt;Start;Insgesamt;77699;7560847;176713;75134;7642292;188807;48367;3233754;202441;10212;103374;168366;...;...;...;...;...;...;...;...;...;...;...;...;...;...;...;...;...;...;...;...;...;...;...;...
2020;;Insgesamt;Landung;Flugzeuge bis 2 t Startgewicht;2519;79;-;2199;127;-;1875;114;0;343;25;-;...;...;...;...;...;...;...;...;...;...;...;...;...;...;...;...;...;...;...;...;...;...;...;...
2020;;Insgesamt;Landung;Flugzeuge über 2 bis 5,7 t Startgewicht;1268;1019;0;1348;1008;2;1310;590;0;798;301;0;...;...;...;...;...;...;...;...;...;...;...;...;...;...;...;...;...;...;...;...;...;...;...;...
2020;;Insgesamt;Landung;Flugzeuge über 5,7 bis 14 t Startgewicht;1398;5026;7;1410;5520;15;1004;2472;7;437;431;4;...;...;...;...;...;...;...;...;...;...;...;...;...;...;...;...;...;...;...;...;...;...;...;...
2020;;Insgesamt;Landung;Flugzeuge über 14 bis 20 t Startgewicht;362;3031;37;386;2821;57;219;783;90;73;74;49;...;...;...;...;...;...;...;...;...;...;...;...;...;...;...;...;...;...;...;...;...;...;...;...
2020;;Insgesamt;Landung;Flugzeuge über 20 bis 25 t Startgewicht;710;11804;731;713;10891;721;584;5271;702;282;264;569;...;...;...;...;...;...;...;...;...;...;...;...;...;...;...;...;...;...;...;...;...;...;...;...
2020;;Insgesamt;Landung;Flugzeuge über 25 bis 75 t Startgewicht;47979;4473287;7498;45856;4210430;7466;28452;2007854;7122;3299;91640;5105;...;...;...;...;...;...;...;...;...;...;...;...;...;...;...;...;...;...;...;...;...;...;...;...
2020;;Insgesamt;Landung;Flugzeuge über 75 bis 175 t Startgewicht;15927;2113518;32514;16416;2104066;34897;10838;1113528;34773;1937;23273;28200;...;...;...;...;...;...;...;...;...;...;...;...;...;...;...;...;...;...;...;...;...;...;...;...
2020;;Insgesamt;Landung;Flugzeuge über 175 t Startgewicht;7487;1414500;136461;6730;1154476;114524;5710;773404;146648;3319;73228;133373;...;...;...;...;...;...;...;...;...;...;...;...;...;...;...;...;...;...;...;...;...;...;...;...
2020;;Insgesamt;Landung;Insgesamt;77650;8022264;177248;75058;7489339;157682;49992;3904016;189342;10488;189236;167300;...;...;...;...;...;...;...;...;...;...;...;...;...;...;...;...;...;...;...;...;...;...;...;...
__________;;;;;;;;;;;;;;;;;;;;;;;;;;;;;;;;;;;;;;;;
© Statistisches Bundesamt (Destatis), 2020;;;;;;;;;;;;;;;;;;;;;;;;;;;;;;;;;;;;;;;;
Stand: 19.06.2020 / 12:36:47;;;;;;;;;;;;;;;;;;;;;;;;;;;;;;;;;;;;;;;;
